2026-09-01 12:50:24 - 12 - 09 - INFO - Using selected IDF version: v6.1
Added environment variable ESP_IDF_VERSION = 6.1
Added environment variable IDF_VERSION = 6.1.0
Added environment variable IDF_TOOLS_PATH = /Users/sarah/.espressif/tools
Added environment variable IDF_COMPONENT_LOCAL_STORAGE_URL = file:///Users/sarah/.espressif/tools
Added environment variable IDF_PATH = /Users/sarah/.espressif/v6.1/esp-idf
Added environment variable ESP_ROM_ELF_DIR = /Users/sarah/.espressif/tools/esp-rom-elfs/20241011/
Added environment variable OPENOCD_SCRIPTS = /Users/sarah/.espressif/tools/openocd-esp32/v0.12.0-esp32-20260703/openocd-esp32/share/openocd/scripts
Added environment variable IDF_PYTHON_ENV_PATH = /Users/sarah/.espressif/tools/python/v6.1/venv
Added environment variable ESP_CLANG_LIBS_PATH = /Users/sarah/.espressif/tools/esp-clang-libs/esp-21.1.3_20260408/esp-clang/lib
Added proper directory to PATH
Activated virtual environment at /Users/sarah/.espressif/tools/python/v6.1/venv
Environment setup complete for the current shell session.
These changes will be lost when you close this terminal.
You are now using IDF version 6.1.0.
eim select v6.1
-- TinyDraw firmware variant=product
-- Found Git: /usr/bin/git (found version "2.54.0 (Apple Git-157)")
-- Minimal build - ON
-- The C compiler identification is GNU 15.2.0
-- The CXX compiler identification is GNU 15.2.0
-- The ASM compiler identification is GNU
-- Found assembler: /Users/sarah/.espressif/tools/xtensa-esp-elf/esp-15.2.0_20251204/xtensa-esp-elf/bin/xtensa-esp32s3-elf-gcc
-- Detecting C compiler ABI info
-- Detecting C compiler ABI info - done
-- Check for working C compiler: /Users/sarah/.espressif/tools/xtensa-esp-elf/esp-15.2.0_20251204/xtensa-esp-elf/bin/xtensa-esp32s3-elf-gcc - skipped
-- Detecting C compile features
-- Detecting C compile features - done
-- Detecting CXX compiler ABI info
-- Detecting CXX compiler ABI info - done
-- Check for working CXX compiler: /Users/sarah/.espressif/tools/xtensa-esp-elf/esp-15.2.0_20251204/xtensa-esp-elf/bin/xtensa-esp32s3-elf-g++ - skipped
-- Detecting CXX compile features
-- Detecting CXX compile features - done
-- Building ESP-IDF components for target esp32s3
NOTICE: 
Following dependencies have new versions available:
Dependency "espressif/esp_lcd_touch_cst816s": "1.1.1~2" -> "1.1.2"
Consider running "idf.py update-dependencies" to update your lock file.
NOTICE: Processing 8 dependencies:
NOTICE: [1/8] espressif/cmake_utilities (0.5.3)
NOTICE: [2/8] espressif/esp_lcd_co5300 (2.1.0)
NOTICE: [3/8] espressif/esp_lcd_qemu_rgb (1.0.2)
NOTICE: [4/8] espressif/esp_lcd_touch (1.2.1)
NOTICE: [5/8] espressif/esp_lcd_touch_cst816s (1.1.1~2)
NOTICE: [6/8] espressif/tinyusb (0.21.0~1)
NOTICE: [7/8] waveshare/pcf85063a (2.0.0)
NOTICE: [8/8] idf (6.1.0)
-- KCONFIG_REPORT_VERBOSITY not set, using default
-- Project sdkconfig file /Users/sarah/Documents/Codex/2026-09-01/caffeinate-dims/work/tinydraw-pr-review.UrddkO/out/build/esp32-vector-v2/sdkconfig
Loading defaults file /Users/sarah/Documents/Codex/2026-09-01/caffeinate-dims/work/tinydraw-pr-review.UrddkO/esp32/sdkconfig.defaults...
NOTE: Kconfig parser version: 1
NOTE: Kconfig defaults policy: use sdkconfig
NOTE: Status: Finished successfully
-- Compiler supported targets: xtensa-esp-elf
-- Detecting C compiler ABI info
-- Detecting C compiler ABI info - done
-- Detecting CXX compiler ABI info
-- Detecting CXX compiler ABI info - done
-- Detecting C compiler ABI info
-- Detecting C compiler ABI info - done
-- Detecting CXX compiler ABI info
-- Detecting CXX compiler ABI info - done
-- App "tinydraw_esp32" version: 2.2.0-9-g0835e5b
-- Found Python3: /Users/sarah/.espressif/tools/python/v6.1/venv/bin/python (found version "3.14.7") found components: Interpreter
-- Performing Test CMAKE_HAVE_LIBC_PTHREAD
-- Performing Test CMAKE_HAVE_LIBC_PTHREAD - Success
-- Found Threads: TRUE
-- Performing Test C_COMPILER_SUPPORTS_WFORMAT_SIGNEDNESS
-- Performing Test C_COMPILER_SUPPORTS_WFORMAT_SIGNEDNESS - Success
-- Setting up mbedtls configuration
-- Linkage type is PUBLIC
-- Adding linker script /Users/sarah/.espressif/v6.1/esp-idf/components/esp_hal_wdt/esp32s3/rom.wdt.ld
-- Adding linker script /Users/sarah/.espressif/v6.1/esp-idf/components/esp_system/ld/esp32s3/memory.ld.in
--   -> Preprocessing .in script: /Users/sarah/.espressif/v6.1/esp-idf/components/esp_system/ld/esp32s3/memory.ld.in
-- Adding linker script /Users/sarah/.espressif/v6.1/esp-idf/components/esp_system/ld/esp32s3/sections.ld.in
--   -> Preprocessing .in script: /Users/sarah/.espressif/v6.1/esp-idf/components/esp_system/ld/esp32s3/sections.ld.in
--   -> Applying ldgen processing: /Users/sarah/Documents/Codex/2026-09-01/caffeinate-dims/work/tinydraw-pr-review.UrddkO/out/build/esp32-vector-v2/esp-idf/esp_system/ld/sections.ld.in
-- Adding linker script /Users/sarah/.espressif/v6.1/esp-idf/components/esp_rom/esp32s3/ld/esp32s3.rom.ld
-- Adding linker script /Users/sarah/.espressif/v6.1/esp-idf/components/esp_rom/esp32s3/ld/esp32s3.rom.api.ld
-- Adding linker script /Users/sarah/.espressif/v6.1/esp-idf/components/esp_rom/esp32s3/ld/esp32s3.rom.bt_funcs.ld
-- Adding linker script /Users/sarah/.espressif/v6.1/esp-idf/components/esp_rom/esp32s3/ld/esp32s3.rom.libgcc.ld
-- Adding linker script /Users/sarah/.espressif/v6.1/esp-idf/components/esp_rom/esp32s3/ld/esp32s3.rom.version.ld
-- Adding linker script /Users/sarah/.espressif/v6.1/esp-idf/components/esp_rom/esp32s3/ld/esp32s3.rom.ble_master.ld
-- Adding linker script /Users/sarah/.espressif/v6.1/esp-idf/components/esp_rom/esp32s3/ld/esp32s3.rom.ble_50.ld
-- Adding linker script /Users/sarah/.espressif/v6.1/esp-idf/components/esp_rom/esp32s3/ld/esp32s3.rom.ble_smp.ld
-- Adding linker script /Users/sarah/.espressif/v6.1/esp-idf/components/esp_rom/esp32s3/ld/esp32s3.rom.ble_dtm.ld
-- Adding linker script /Users/sarah/.espressif/v6.1/esp-idf/components/esp_rom/esp32s3/ld/esp32s3.rom.ble_test.ld
-- Adding linker script /Users/sarah/.espressif/v6.1/esp-idf/components/esp_rom/esp32s3/ld/esp32s3.rom.ble_scan.ld
-- Adding linker script /Users/sarah/.espressif/v6.1/esp-idf/components/esp_rom/esp32s3/ld/esp32s3.rom.libc.ld
-- Adding linker script /Users/sarah/.espressif/v6.1/esp-idf/components/soc/esp32s3/ld/esp32s3.peripherals.ld
-- Adding linker script /Users/sarah/.espressif/v6.1/esp-idf/components/esp_hal_regi2c/esp32s3/rom.regi2c.ld
-- ESP_LCD_CO5300: 2.1.0
CMake Warning at /Users/sarah/.espressif/v6.1/esp-idf/tools/cmake/component_validation.cmake:106 (message):
  Private include directory
  '/Users/sarah/.espressif/v6.1/esp-idf/components/esp_wifi/wifi_apps/roaming_app/include'
  belongs to component esp_wifi but is being used by component
  wpa_supplicant.  It is recommended to define the component dependency for
  wpa_supplicant on the component esp_wifi, i.e.  'idf_component_register(...
  PRIV_REQUIRES esp_wifi)' in the CMakeLists.txt of wpa_supplicant, and
  specify the included directory as idf_component_register(...
  PRIV_INCLUDE_DIRS <dir relative to component>) in the CMakeLists.txt of
  component esp_wifi.
Call Stack (most recent call first):
  /Users/sarah/.espressif/v6.1/esp-idf/tools/cmake/component_validation.cmake:130 (__component_validation_check_include_dirs)
  /Users/sarah/.espressif/v6.1/esp-idf/CMakeLists.txt:356 (__component_validation_run_checks)


CMake Warning at /Users/sarah/.espressif/v6.1/esp-idf/tools/cmake/component_validation.cmake:106 (message):
  Private include directory
  '/Users/sarah/.espressif/v6.1/esp-idf/components/esp_wifi/wifi_apps/roaming_app/src'
  belongs to component esp_wifi but is being used by component
  wpa_supplicant.  It is recommended to define the component dependency for
  wpa_supplicant on the component esp_wifi, i.e.  'idf_component_register(...
  PRIV_REQUIRES esp_wifi)' in the CMakeLists.txt of wpa_supplicant, and
  specify the included directory as idf_component_register(...
  PRIV_INCLUDE_DIRS <dir relative to component>) in the CMakeLists.txt of
  component esp_wifi.
Call Stack (most recent call first):
  /Users/sarah/.espressif/v6.1/esp-idf/tools/cmake/component_validation.cmake:130 (__component_validation_check_include_dirs)
  /Users/sarah/.espressif/v6.1/esp-idf/CMakeLists.txt:356 (__component_validation_run_checks)


CMake Warning at /Users/sarah/.espressif/v6.1/esp-idf/tools/cmake/component_validation.cmake:106 (message):
  Private include directory
  '/Users/sarah/.espressif/v6.1/esp-idf/components/esp_wifi/wifi_apps/include/apps_private'
  belongs to component esp_wifi but is being used by component
  wpa_supplicant.  It is recommended to define the component dependency for
  wpa_supplicant on the component esp_wifi, i.e.  'idf_component_register(...
  PRIV_REQUIRES esp_wifi)' in the CMakeLists.txt of wpa_supplicant, and
  specify the included directory as idf_component_register(...
  PRIV_INCLUDE_DIRS <dir relative to component>) in the CMakeLists.txt of
  component esp_wifi.
Call Stack (most recent call first):
  /Users/sarah/.espressif/v6.1/esp-idf/tools/cmake/component_validation.cmake:130 (__component_validation_check_include_dirs)
  /Users/sarah/.espressif/v6.1/esp-idf/CMakeLists.txt:356 (__component_validation_run_checks)


CMake Warning at /Users/sarah/.espressif/v6.1/esp-idf/tools/cmake/component_validation.cmake:106 (message):
  Private include directory
  '/Users/sarah/.espressif/v6.1/esp-idf/components/wpa_supplicant/src'
  belongs to component wpa_supplicant but is being used by component
  esp_wifi.  It is recommended to define the component dependency for
  esp_wifi on the component wpa_supplicant, i.e.  'idf_component_register(...
  PRIV_REQUIRES wpa_supplicant)' in the CMakeLists.txt of esp_wifi, and
  specify the included directory as idf_component_register(...
  PRIV_INCLUDE_DIRS <dir relative to component>) in the CMakeLists.txt of
  component wpa_supplicant.
Call Stack (most recent call first):
  /Users/sarah/.espressif/v6.1/esp-idf/tools/cmake/component_validation.cmake:130 (__component_validation_check_include_dirs)
  /Users/sarah/.espressif/v6.1/esp-idf/CMakeLists.txt:356 (__component_validation_run_checks)


CMake Warning at /Users/sarah/.espressif/v6.1/esp-idf/tools/cmake/component_validation.cmake:106 (message):
  Private include directory
  '/Users/sarah/.espressif/v6.1/esp-idf/components/wpa_supplicant/esp_supplicant/src'
  belongs to component wpa_supplicant but is being used by component
  esp_wifi.  It is recommended to define the component dependency for
  esp_wifi on the component wpa_supplicant, i.e.  'idf_component_register(...
  PRIV_REQUIRES wpa_supplicant)' in the CMakeLists.txt of esp_wifi, and
  specify the included directory as idf_component_register(...
  PRIV_INCLUDE_DIRS <dir relative to component>) in the CMakeLists.txt of
  component wpa_supplicant.
Call Stack (most recent call first):
  /Users/sarah/.espressif/v6.1/esp-idf/tools/cmake/component_validation.cmake:130 (__component_validation_check_include_dirs)
  /Users/sarah/.espressif/v6.1/esp-idf/CMakeLists.txt:356 (__component_validation_run_checks)


-- Components: app_update bootloader bootloader_support cxx driver efuse esp_app_format esp_blockdev esp_bootloader_format esp_coex esp_common esp_driver_bitscrambler esp_driver_dma esp_driver_gpio esp_driver_i2c esp_driver_i2s esp_driver_parlio esp_driver_spi esp_driver_uart esp_driver_usb_serial_jtag esp_event esp_hal_ana_conv esp_hal_clock esp_hal_dma esp_hal_gpio esp_hal_gpspi esp_hal_i2c esp_hal_i2s esp_hal_lcd esp_hal_mspi esp_hal_parlio esp_hal_pmu esp_hal_regi2c esp_hal_rtc_timer esp_hal_security esp_hal_systimer esp_hal_timg esp_hal_touch_sens esp_hal_twai esp_hal_uart esp_hal_usb esp_hal_wdt esp_hw_support esp_lcd esp_libc esp_mm esp_netif esp_netif_stack esp_partition esp_phy esp_pm esp_psram esp_ringbuf esp_rom esp_security esp_stdio esp_system esp_timer esp_usb_cdc_rom_console esp_wifi espcoredump espressif__cmake_utilities espressif__esp_lcd_co5300 espressif__esp_lcd_qemu_rgb espressif__esp_lcd_touch espressif__esp_lcd_touch_cst816s espressif__tinyusb esptool_py freertos hal heap log lwip main mbedtls nvs_flash nvs_sec_provider partition_table pthread soc spi_flash vfs waveshare__pcf85063a wpa_supplicant xtensa
-- Component paths: /Users/sarah/.espressif/v6.1/esp-idf/components/app_update /Users/sarah/.espressif/v6.1/esp-idf/components/bootloader /Users/sarah/.espressif/v6.1/esp-idf/components/bootloader_support /Users/sarah/.espressif/v6.1/esp-idf/components/cxx /Users/sarah/.espressif/v6.1/esp-idf/components/driver /Users/sarah/.espressif/v6.1/esp-idf/components/efuse /Users/sarah/.espressif/v6.1/esp-idf/components/esp_app_format /Users/sarah/.espressif/v6.1/esp-idf/components/esp_blockdev /Users/sarah/.espressif/v6.1/esp-idf/components/esp_bootloader_format /Users/sarah/.espressif/v6.1/esp-idf/components/esp_coex /Users/sarah/.espressif/v6.1/esp-idf/components/esp_common /Users/sarah/.espressif/v6.1/esp-idf/components/esp_driver_bitscrambler /Users/sarah/.espressif/v6.1/esp-idf/components/esp_driver_dma /Users/sarah/.espressif/v6.1/esp-idf/components/esp_driver_gpio /Users/sarah/.espressif/v6.1/esp-idf/components/esp_driver_i2c /Users/sarah/.espressif/v6.1/esp-idf/components/esp_driver_i2s /Users/sarah/.espressif/v6.1/esp-idf/components/esp_driver_parlio /Users/sarah/.espressif/v6.1/esp-idf/components/esp_driver_spi /Users/sarah/.espressif/v6.1/esp-idf/components/esp_driver_uart /Users/sarah/.espressif/v6.1/esp-idf/components/esp_driver_usb_serial_jtag /Users/sarah/.espressif/v6.1/esp-idf/components/esp_event /Users/sarah/.espressif/v6.1/esp-idf/components/esp_hal_ana_conv /Users/sarah/.espressif/v6.1/esp-idf/components/esp_hal_clock /Users/sarah/.espressif/v6.1/esp-idf/components/esp_hal_dma /Users/sarah/.espressif/v6.1/esp-idf/components/esp_hal_gpio /Users/sarah/.espressif/v6.1/esp-idf/components/esp_hal_gpspi /Users/sarah/.espressif/v6.1/esp-idf/components/esp_hal_i2c /Users/sarah/.espressif/v6.1/esp-idf/components/esp_hal_i2s /Users/sarah/.espressif/v6.1/esp-idf/components/esp_hal_lcd /Users/sarah/.espressif/v6.1/esp-idf/components/esp_hal_mspi /Users/sarah/.espressif/v6.1/esp-idf/components/esp_hal_parlio /Users/sarah/.espressif/v6.1/esp-idf/components/esp_hal_pmu /Users/sarah/.espressif/v6.1/esp-idf/components/esp_hal_regi2c /Users/sarah/.espressif/v6.1/esp-idf/components/esp_hal_rtc_timer /Users/sarah/.espressif/v6.1/esp-idf/components/esp_hal_security /Users/sarah/.espressif/v6.1/esp-idf/components/esp_hal_systimer /Users/sarah/.espressif/v6.1/esp-idf/components/esp_hal_timg /Users/sarah/.espressif/v6.1/esp-idf/components/esp_hal_touch_sens /Users/sarah/.espressif/v6.1/esp-idf/components/esp_hal_twai /Users/sarah/.espressif/v6.1/esp-idf/components/esp_hal_uart /Users/sarah/.espressif/v6.1/esp-idf/components/esp_hal_usb /Users/sarah/.espressif/v6.1/esp-idf/components/esp_hal_wdt /Users/sarah/.espressif/v6.1/esp-idf/components/esp_hw_support /Users/sarah/.espressif/v6.1/esp-idf/components/esp_lcd /Users/sarah/.espressif/v6.1/esp-idf/components/esp_libc /Users/sarah/.espressif/v6.1/esp-idf/components/esp_mm /Users/sarah/.espressif/v6.1/esp-idf/components/esp_netif /Users/sarah/.espressif/v6.1/esp-idf/components/esp_netif_stack /Users/sarah/.espressif/v6.1/esp-idf/components/esp_partition /Users/sarah/.espressif/v6.1/esp-idf/components/esp_phy /Users/sarah/.espressif/v6.1/esp-idf/components/esp_pm /Users/sarah/.espressif/v6.1/esp-idf/components/esp_psram /Users/sarah/.espressif/v6.1/esp-idf/components/esp_ringbuf /Users/sarah/.espressif/v6.1/esp-idf/components/esp_rom /Users/sarah/.espressif/v6.1/esp-idf/components/esp_security /Users/sarah/.espressif/v6.1/esp-idf/components/esp_stdio /Users/sarah/.espressif/v6.1/esp-idf/components/esp_system /Users/sarah/.espressif/v6.1/esp-idf/components/esp_timer /Users/sarah/.espressif/v6.1/esp-idf/components/esp_usb_cdc_rom_console /Users/sarah/.espressif/v6.1/esp-idf/components/esp_wifi /Users/sarah/.espressif/v6.1/esp-idf/components/espcoredump /Users/sarah/Documents/Codex/2026-09-01/caffeinate-dims/work/tinydraw-pr-review.UrddkO/esp32/managed_components/espressif__cmake_utilities /Users/sarah/Documents/Codex/2026-09-01/caffeinate-dims/work/tinydraw-pr-review.UrddkO/esp32/managed_components/espressif__esp_lcd_co5300 /Users/sarah/Documents/Codex/2026-09-01/caffeinate-dims/work/tinydraw-pr-review.UrddkO/esp32/managed_components/espressif__esp_lcd_qemu_rgb /Users/sarah/Documents/Codex/2026-09-01/caffeinate-dims/work/tinydraw-pr-review.UrddkO/esp32/managed_components/espressif__esp_lcd_touch /Users/sarah/Documents/Codex/2026-09-01/caffeinate-dims/work/tinydraw-pr-review.UrddkO/esp32/managed_components/espressif__esp_lcd_touch_cst816s /Users/sarah/Documents/Codex/2026-09-01/caffeinate-dims/work/tinydraw-pr-review.UrddkO/esp32/managed_components/espressif__tinyusb /Users/sarah/.espressif/v6.1/esp-idf/components/esptool_py /Users/sarah/.espressif/v6.1/esp-idf/components/freertos /Users/sarah/.espressif/v6.1/esp-idf/components/hal /Users/sarah/.espressif/v6.1/esp-idf/components/heap /Users/sarah/.espressif/v6.1/esp-idf/components/log /Users/sarah/.espressif/v6.1/esp-idf/components/lwip /Users/sarah/Documents/Codex/2026-09-01/caffeinate-dims/work/tinydraw-pr-review.UrddkO/esp32/main /Users/sarah/.espressif/v6.1/esp-idf/components/mbedtls /Users/sarah/.espressif/v6.1/esp-idf/components/nvs_flash /Users/sarah/.espressif/v6.1/esp-idf/components/nvs_sec_provider /Users/sarah/.espressif/v6.1/esp-idf/components/partition_table /Users/sarah/.espressif/v6.1/esp-idf/components/pthread /Users/sarah/.espressif/v6.1/esp-idf/components/soc /Users/sarah/.espressif/v6.1/esp-idf/components/spi_flash /Users/sarah/.espressif/v6.1/esp-idf/components/vfs /Users/sarah/Documents/Codex/2026-09-01/caffeinate-dims/work/tinydraw-pr-review.UrddkO/esp32/managed_components/waveshare__pcf85063a /Users/sarah/.espressif/v6.1/esp-idf/components/wpa_supplicant /Users/sarah/.espressif/v6.1/esp-idf/components/xtensa
-- Configuring done (13.1s)
-- Generating done (0.5s)
-- Build files have been written to: /Users/sarah/Documents/Codex/2026-09-01/caffeinate-dims/work/tinydraw-pr-review.UrddkO/out/build/esp32-vector-v2
[1/953] Generating project_elf_src_esp32s3.c
[2/953] Preprocessing linker script /Users/sarah/.espressif/v6.1/esp-idf/components/esp_system/ld/esp32s3/memory.ld.in -> /Users/sarah/Documents/Codex/2026-09-01/caffeinate-dims/work/tinydraw-pr-review.UrddkO/out/build/esp32-vector-v2/esp-idf/esp_system/ld/memory.ld
[3/953] Preprocessing linker script /Users/sarah/.espressif/v6.1/esp-idf/components/esp_system/ld/esp32s3/sections.ld.in -> /Users/sarah/Documents/Codex/2026-09-01/caffeinate-dims/work/tinydraw-pr-review.UrddkO/out/build/esp32-vector-v2/esp-idf/esp_system/ld/sections.ld.in
[4/953] Building C object esp-idf/esp_wifi/CMakeFiles/__idf_esp_wifi.dir/src/ftm_load_calibration.c.obj
[5/953] Building C object esp-idf/esp_wifi/CMakeFiles/__idf_esp_wifi.dir/src/wifi_default_ap.c.obj
[6/953] Building C object esp-idf/esp_wifi/CMakeFiles/__idf_esp_wifi.dir/src/lib_printf.c.obj
[7/953] Building C object esp-idf/esp_wifi/CMakeFiles/__idf_esp_wifi.dir/src/mesh_event.c.obj
[8/953] Building C object esp-idf/esp_wifi/CMakeFiles/__idf_esp_wifi.dir/src/smartconfig.c.obj
[9/953] Building C object esp-idf/esp_wifi/CMakeFiles/__idf_esp_wifi.dir/regulatory/esp_wifi_regulatory.c.obj
[10/953] Building C object esp-idf/esp_wifi/CMakeFiles/__idf_esp_wifi.dir/src/wifi_netif.c.obj
[11/953] Generating ../../partition_table/partition-table.bin
Partition table binary generated. Contents:
*******************************************************************************
# ESP-IDF Partition Table
# Name, Type, SubType, Offset, Size, Flags
nvs,data,nvs,0x9000,24K,
phy_init,data,phy,0xf000,4K,
factory,app,factory,0x10000,1792K,
drawing,data,64,0x1d0000,4M,
export,data,65,0x5d0000,10368K,
coredump,data,coredump,0xff0000,64K,
*******************************************************************************
[12/953] Building C object esp-idf/esp_coex/CMakeFiles/__idf_esp_coex.dir/src/coexist_debug_diagram.c.obj
[13/953] Building C object esp-idf/esp_wifi/CMakeFiles/__idf_esp_wifi.dir/src/wifi_init.c.obj
[14/953] Building C object esp-idf/esp_wifi/CMakeFiles/__idf_esp_wifi.dir/src/wifi_default.c.obj
[15/953] Building C object esp-idf/esp_coex/CMakeFiles/__idf_esp_coex.dir/src/coexist_debug.c.obj
[16/953] Building C object esp-idf/esp_wifi/CMakeFiles/__idf_esp_wifi.dir/src/smartconfig_ack.c.obj
[17/953] Building C object esp-idf/esp_wifi/CMakeFiles/__idf_esp_wifi.dir/remote/esp_eap_client_remote_weak.c.obj
[18/953] Building C object esp-idf/esp_coex/CMakeFiles/__idf_esp_coex.dir/esp32s3/esp_coex_adapter.c.obj
[19/953] Building C object esp-idf/esp_wifi/CMakeFiles/__idf_esp_wifi.dir/esp32s3/esp_adapter.c.obj
[20/953] Building C object esp-idf/esp_wifi/CMakeFiles/__idf_esp_wifi.dir/remote/esp_wifi_remote_net2.c.obj
[21/953] Building C object esp-idf/wpa_supplicant/CMakeFiles/__idf_wpa_supplicant.dir/port/os_xtensa.c.obj
[22/953] Building C object esp-idf/wpa_supplicant/CMakeFiles/__idf_wpa_supplicant.dir/src/ap/ap_config.c.obj
[23/953] Building C object esp-idf/wpa_supplicant/CMakeFiles/__idf_wpa_supplicant.dir/src/ap/ieee802_1x.c.obj
[24/953] Building C object esp-idf/wpa_supplicant/CMakeFiles/__idf_wpa_supplicant.dir/src/ap/pmksa_cache_auth.c.obj
[25/953] Building C object esp-idf/esp_wifi/CMakeFiles/__idf_esp_wifi.dir/remote/esp_wifi_remote_weak.c.obj
[26/953] Building C object esp-idf/wpa_supplicant/CMakeFiles/__idf_wpa_supplicant.dir/src/ap/sta_info.c.obj
[27/953] Building C object esp-idf/wpa_supplicant/CMakeFiles/__idf_wpa_supplicant.dir/src/ap/comeback_token.c.obj
[28/953] Building C object esp-idf/wpa_supplicant/CMakeFiles/__idf_wpa_supplicant.dir/src/common/dragonfly.c.obj
[29/953] Building C object esp-idf/wpa_supplicant/CMakeFiles/__idf_wpa_supplicant.dir/src/ap/wpa_auth_ie.c.obj
[30/953] Building C object esp-idf/wpa_supplicant/CMakeFiles/__idf_wpa_supplicant.dir/src/utils/bitfield.c.obj
[31/953] Linking C static library esp-idf/esp_wifi/libesp_wifi.a
[32/953] Building C object esp-idf/wpa_supplicant/CMakeFiles/__idf_wpa_supplicant.dir/src/crypto/aes-siv.c.obj
[33/953] Building C object esp-idf/wpa_supplicant/CMakeFiles/__idf_wpa_supplicant.dir/src/crypto/sha256-kdf.c.obj
[34/953] Building C object esp-idf/wpa_supplicant/CMakeFiles/__idf_wpa_supplicant.dir/port/eloop.c.obj
[35/953] Building C object esp-idf/wpa_supplicant/CMakeFiles/__idf_wpa_supplicant.dir/src/crypto/ccmp.c.obj
[36/953] Building C object esp-idf/wpa_supplicant/CMakeFiles/__idf_wpa_supplicant.dir/src/ap/ieee802_11.c.obj
[37/953] Building C object esp-idf/wpa_supplicant/CMakeFiles/__idf_wpa_supplicant.dir/src/crypto/crypto_ops.c.obj
[38/953] Building C object esp-idf/wpa_supplicant/CMakeFiles/__idf_wpa_supplicant.dir/src/crypto/dh_group5.c.obj
[39/953] Building C object esp-idf/wpa_supplicant/CMakeFiles/__idf_wpa_supplicant.dir/src/common/wpa_common.c.obj
[40/953] Building C object esp-idf/wpa_supplicant/CMakeFiles/__idf_wpa_supplicant.dir/src/crypto/dh_groups.c.obj
[41/953] Building C object esp-idf/wpa_supplicant/CMakeFiles/__idf_wpa_supplicant.dir/src/crypto/sha1-tlsprf.c.obj
[42/953] Building C object esp-idf/wpa_supplicant/CMakeFiles/__idf_wpa_supplicant.dir/src/crypto/sha256-tlsprf.c.obj
[43/953] Building C object esp-idf/wpa_supplicant/CMakeFiles/__idf_wpa_supplicant.dir/src/crypto/sha384-tlsprf.c.obj
[44/953] Building C object esp-idf/wpa_supplicant/CMakeFiles/__idf_wpa_supplicant.dir/src/crypto/ms_funcs.c.obj
[45/953] Building C object esp-idf/wpa_supplicant/CMakeFiles/__idf_wpa_supplicant.dir/src/crypto/sha256-prf.c.obj
[46/953] Building C object esp-idf/wpa_supplicant/CMakeFiles/__idf_wpa_supplicant.dir/src/crypto/sha384-prf.c.obj
[47/953] Building C object esp-idf/wpa_supplicant/CMakeFiles/__idf_wpa_supplicant.dir/src/crypto/sha1-prf.c.obj
[48/953] Building C object esp-idf/wpa_supplicant/CMakeFiles/__idf_wpa_supplicant.dir/src/crypto/sha1-tprf.c.obj
[49/953] Building C object esp-idf/wpa_supplicant/CMakeFiles/__idf_wpa_supplicant.dir/src/crypto/aes-gcm.c.obj
[50/953] Building C object esp-idf/wpa_supplicant/CMakeFiles/__idf_wpa_supplicant.dir/src/crypto/md4-internal.c.obj
[51/953] Building C object esp-idf/wpa_supplicant/CMakeFiles/__idf_wpa_supplicant.dir/src/eap_peer/chap.c.obj
[52/953] Building C object esp-idf/wpa_supplicant/CMakeFiles/__idf_wpa_supplicant.dir/src/eap_common/eap_wsc_common.c.obj
[53/953] Building C object esp-idf/wpa_supplicant/CMakeFiles/__idf_wpa_supplicant.dir/src/eap_peer/eap_common.c.obj
[54/953] Building C object esp-idf/wpa_supplicant/CMakeFiles/__idf_wpa_supplicant.dir/src/eap_peer/eap_peap_common.c.obj
[55/953] Building C object esp-idf/wpa_supplicant/CMakeFiles/__idf_wpa_supplicant.dir/src/eap_peer/mschapv2.c.obj
[56/953] Building C object esp-idf/wpa_supplicant/CMakeFiles/__idf_wpa_supplicant.dir/src/eap_peer/eap_tls.c.obj
[57/953] Building C object esp-idf/wpa_supplicant/CMakeFiles/__idf_wpa_supplicant.dir/src/common/ieee802_11_common.c.obj
[58/953] Building C object esp-idf/wpa_supplicant/CMakeFiles/__idf_wpa_supplicant.dir/src/eap_peer/eap_mschapv2.c.obj
[59/953] Building C object esp-idf/wpa_supplicant/CMakeFiles/__idf_wpa_supplicant.dir/src/ap/wpa_auth.c.obj
[60/953] Building C object esp-idf/wpa_supplicant/CMakeFiles/__idf_wpa_supplicant.dir/src/common/sae.c.obj
[61/953] Building C object esp-idf/wpa_supplicant/CMakeFiles/__idf_wpa_supplicant.dir/src/eap_peer/eap_fast_common.c.obj
[62/953] Building C object esp-idf/wpa_supplicant/CMakeFiles/__idf_wpa_supplicant.dir/src/eap_peer/eap_tls_common.c.obj
[63/953] Building C object esp-idf/wpa_supplicant/CMakeFiles/__idf_wpa_supplicant.dir/src/eap_peer/eap.c.obj
[64/953] Building C object esp-idf/wpa_supplicant/CMakeFiles/__idf_wpa_supplicant.dir/src/utils/base64.c.obj
[65/953] Building C object esp-idf/wpa_supplicant/CMakeFiles/__idf_wpa_supplicant.dir/src/rsn_supp/wpa_ie.c.obj
[66/953] Building C object esp-idf/wpa_supplicant/CMakeFiles/__idf_wpa_supplicant.dir/src/utils/ext_password.c.obj
[67/953] Building C object esp-idf/wpa_supplicant/CMakeFiles/__idf_wpa_supplicant.dir/src/rsn_supp/pmksa_cache.c.obj
[68/953] Building C object esp-idf/wpa_supplicant/CMakeFiles/__idf_wpa_supplicant.dir/src/eap_peer/eap_peap.c.obj
[69/953] Building C object esp-idf/wpa_supplicant/CMakeFiles/__idf_wpa_supplicant.dir/src/eap_peer/eap_fast_pac.c.obj
[70/953] Building C object esp-idf/wpa_supplicant/CMakeFiles/__idf_wpa_supplicant.dir/src/utils/common.c.obj
[71/953] Building C object esp-idf/wpa_supplicant/CMakeFiles/__idf_wpa_supplicant.dir/src/utils/uuid.c.obj
[72/953] Building C object esp-idf/wpa_supplicant/CMakeFiles/__idf_wpa_supplicant.dir/src/utils/wpa_debug.c.obj
[73/953] Building C object esp-idf/wpa_supplicant/CMakeFiles/__idf_wpa_supplicant.dir/src/utils/wpabuf.c.obj
[74/953] Building C object esp-idf/wpa_supplicant/CMakeFiles/__idf_wpa_supplicant.dir/src/eap_peer/eap_ttls.c.obj
[75/953] Building C object esp-idf/wpa_supplicant/CMakeFiles/__idf_wpa_supplicant.dir/src/wps/wps.c.obj
[76/953] Building C object esp-idf/wpa_supplicant/CMakeFiles/__idf_wpa_supplicant.dir/src/wps/wps_attr_parse.c.obj
[77/953] Building C object esp-idf/wpa_supplicant/CMakeFiles/__idf_wpa_supplicant.dir/src/wps/wps_attr_process.c.obj
[78/953] Building C object esp-idf/wpa_supplicant/CMakeFiles/__idf_wpa_supplicant.dir/src/wps/wps_attr_build.c.obj
[79/953] Building C object esp-idf/wpa_supplicant/CMakeFiles/__idf_wpa_supplicant.dir/esp_supplicant/src/esp_wpa2_api_port.c.obj
[80/953] Building C object esp-idf/wpa_supplicant/CMakeFiles/__idf_wpa_supplicant.dir/src/wps/wps_dev_attr.c.obj
[81/953] Building C object esp-idf/wpa_supplicant/CMakeFiles/__idf_wpa_supplicant.dir/src/wps/wps_common.c.obj
[82/953] Building C object esp-idf/wpa_supplicant/CMakeFiles/__idf_wpa_supplicant.dir/src/common/sae_pk.c.obj
[83/953] Building C object esp-idf/wpa_supplicant/CMakeFiles/__idf_wpa_supplicant.dir/src/eap_peer/eap_fast.c.obj
[84/953] Building C object esp-idf/wpa_supplicant/CMakeFiles/__idf_wpa_supplicant.dir/src/utils/json.c.obj
[85/953] Building C object esp-idf/wpa_supplicant/CMakeFiles/__idf_wpa_supplicant.dir/src/wps/wps_enrollee.c.obj
[86/953] Building C object esp-idf/wpa_supplicant/CMakeFiles/__idf_wpa_supplicant.dir/esp_supplicant/src/esp_wpas_glue.c.obj
[87/953] Building C object esp-idf/wpa_supplicant/CMakeFiles/__idf_wpa_supplicant.dir/esp_supplicant/src/esp_common.c.obj
[88/953] Building C object esp-idf/wpa_supplicant/CMakeFiles/__idf_wpa_supplicant.dir/esp_supplicant/src/esp_wpa_main.c.obj
[89/953] Building C object esp-idf/wpa_supplicant/CMakeFiles/__idf_wpa_supplicant.dir/esp_supplicant/src/esp_nan_supplicant.c.obj
[90/953] Building C object esp-idf/wpa_supplicant/CMakeFiles/__idf_wpa_supplicant.dir/esp_supplicant/src/esp_owe.c.obj
[91/953] Building C object esp-idf/wpa_supplicant/CMakeFiles/__idf_wpa_supplicant.dir/esp_supplicant/src/crypto/fastpsk.c.obj
[92/953] Building C object esp-idf/wpa_supplicant/CMakeFiles/__idf_wpa_supplicant.dir/esp_supplicant/src/esp_eap_client.c.obj
[93/953] Building C object esp-idf/wpa_supplicant/CMakeFiles/__idf_wpa_supplicant.dir/src/rsn_supp/wpa.c.obj
[94/953] Building C object esp-idf/wpa_supplicant/CMakeFiles/__idf_wpa_supplicant.dir/src/crypto/rc4.c.obj
[95/953] Building C object esp-idf/wpa_supplicant/CMakeFiles/__idf_wpa_supplicant.dir/esp_supplicant/src/esp_hostap.c.obj
[96/953] Building C object esp-idf/wpa_supplicant/CMakeFiles/__idf_wpa_supplicant.dir/esp_supplicant/src/crypto/crypto_mbedtls-rsa.c.obj
[97/953] Building C object esp-idf/wpa_supplicant/CMakeFiles/__idf_wpa_supplicant.dir/esp_supplicant/src/esp_wpa3.c.obj
[98/953] Building C object esp-idf/wpa_supplicant/CMakeFiles/__idf_wpa_supplicant.dir/esp_supplicant/src/crypto/tls_mbedtls.c.obj
[99/953] Building C object esp-idf/wpa_supplicant/CMakeFiles/__idf_wpa_supplicant.dir/src/crypto/aes-wrap.c.obj
[100/953] Linking C static library esp-idf/esp_coex/libesp_coex.a
[101/953] Building C object esp-idf/wpa_supplicant/CMakeFiles/__idf_wpa_supplicant.dir/esp_supplicant/src/crypto/crypto_mbedtls.c.obj
[102/953] Building C object esp-idf/wpa_supplicant/CMakeFiles/__idf_wpa_supplicant.dir/src/crypto/des-internal.c.obj
[103/953] Building C object esp-idf/esp_phy/CMakeFiles/__idf_esp_phy.dir/src/lib_printf.c.obj
[104/953] Building C object esp-idf/wpa_supplicant/CMakeFiles/__idf_wpa_supplicant.dir/src/crypto/aes-unwrap.c.obj
[105/953] Building C object esp-idf/esp_phy/CMakeFiles/__idf_esp_phy.dir/src/phy_override.c.obj
[106/953] Building C object esp-idf/wpa_supplicant/CMakeFiles/__idf_wpa_supplicant.dir/src/crypto/aes-ccm.c.obj
[107/953] Building C object esp-idf/esp_phy/CMakeFiles/__idf_esp_phy.dir/esp32s3/phy_init_data.c.obj
[108/953] Building C object esp-idf/wpa_supplicant/CMakeFiles/__idf_wpa_supplicant.dir/esp_supplicant/src/esp_wps.c.obj
[109/953] Building C object esp-idf/esp_phy/CMakeFiles/__idf_esp_phy.dir/src/phy_common.c.obj
[110/953] Building C object esp-idf/wpa_supplicant/CMakeFiles/__idf_wpa_supplicant.dir/esp_supplicant/src/crypto/crypto_mbedtls-bignum.c.obj
[111/953] Building C object esp-idf/esp_phy/CMakeFiles/__idf_esp_phy.dir/src/btbb_init.c.obj
[112/953] Building C object esp-idf/esp_phy/CMakeFiles/__idf_esp_phy.dir/src/phy_init.c.obj
[113/953] Building CXX object esp-idf/nvs_flash/CMakeFiles/__idf_nvs_flash.dir/src/nvs_partition.cpp.obj
[114/953] Building CXX object esp-idf/nvs_flash/CMakeFiles/__idf_nvs_flash.dir/src/nvs_partition_lookup.cpp.obj
[115/953] Building CXX object esp-idf/nvs_flash/CMakeFiles/__idf_nvs_flash.dir/src/nvs_platform.cpp.obj
[116/953] Building C object esp-idf/wpa_supplicant/CMakeFiles/__idf_wpa_supplicant.dir/esp_supplicant/src/crypto/crypto_mbedtls-ec.c.obj
[117/953] Building C object esp-idf/nvs_flash/CMakeFiles/__idf_nvs_flash.dir/src/nvs_bootloader.c.obj
[118/953] Linking C static library esp-idf/wpa_supplicant/libwpa_supplicant.a
[119/953] Building CXX object esp-idf/nvs_flash/CMakeFiles/__idf_nvs_flash.dir/src/nvs_cxx_api.cpp.obj
[120/953] Building CXX object esp-idf/nvs_flash/CMakeFiles/__idf_nvs_flash.dir/src/nvs_item_hash_list.cpp.obj
[121/953] Building C object esp-idf/nvs_flash/CMakeFiles/__idf_nvs_flash.dir/src/nvs_bootloader_aes.c.obj
[122/953] Linking C static library esp-idf/esp_phy/libesp_phy.a
[123/953] Building C object esp-idf/nvs_flash/CMakeFiles/__idf_nvs_flash.dir/src/nvs_bootloader_xts_aes.c.obj
[124/953] Building CXX object esp-idf/nvs_flash/CMakeFiles/__idf_nvs_flash.dir/src/nvs_handle_simple.cpp.obj
[125/953] Building CXX object esp-idf/nvs_flash/CMakeFiles/__idf_nvs_flash.dir/src/nvs_handle_locked.cpp.obj
[126/953] Building CXX object esp-idf/nvs_flash/CMakeFiles/__idf_nvs_flash.dir/src/nvs_pagemanager.cpp.obj
[127/953] Building CXX object esp-idf/nvs_flash/CMakeFiles/__idf_nvs_flash.dir/src/nvs_partition_manager.cpp.obj
[128/953] Building CXX object esp-idf/nvs_flash/CMakeFiles/__idf_nvs_flash.dir/src/nvs_types.cpp.obj
[129/953] Building C object esp-idf/esp_netif/CMakeFiles/__idf_esp_netif.dir/esp_netif_defaults.c.obj
[130/953] Building C object esp-idf/nvs_sec_provider/CMakeFiles/__idf_nvs_sec_provider.dir/nvs_sec_provider.c.obj
[131/953] Building C object esp-idf/esp_netif/CMakeFiles/__idf_esp_netif.dir/esp_netif_objects.c.obj
[132/953] Building C object esp-idf/esp_netif/CMakeFiles/__idf_esp_netif.dir/esp_netif_handlers.c.obj
[133/953] Building C object esp-idf/esp_netif/CMakeFiles/__idf_esp_netif.dir/lwip/esp_netif_lwip_defaults.c.obj
[134/953] Building C object esp-idf/esp_netif/CMakeFiles/__idf_esp_netif.dir/lwip/esp_netif_sntp.c.obj
[135/953] Building C object esp-idf/esp_netif/CMakeFiles/__idf_esp_netif.dir/lwip/netif/esp_pbuf_ref.c.obj
[136/953] Building C object esp-idf/esp_netif/CMakeFiles/__idf_esp_netif.dir/lwip/netif/ethernetif.c.obj
[137/953] Building C object esp-idf/esp_netif/CMakeFiles/__idf_esp_netif.dir/lwip/netif/wlanif.c.obj
[138/953] Building C object esp-idf/lwip/CMakeFiles/__idf_lwip.dir/apps/sntp/sntp.c.obj
[139/953] Building C object esp-idf/lwip/CMakeFiles/__idf_lwip.dir/lwip/src/api/err.c.obj
[140/953] Building C object esp-idf/lwip/CMakeFiles/__idf_lwip.dir/lwip/src/api/if_api.c.obj
[141/953] Building C object esp-idf/lwip/CMakeFiles/__idf_lwip.dir/lwip/src/api/netbuf.c.obj
[142/953] Building C object esp-idf/lwip/CMakeFiles/__idf_lwip.dir/lwip/src/api/api_lib.c.obj
[143/953] Building C object esp-idf/lwip/CMakeFiles/__idf_lwip.dir/lwip/src/api/netifapi.c.obj
[144/953] Building C object esp-idf/lwip/CMakeFiles/__idf_lwip.dir/lwip/src/api/netdb.c.obj
[145/953] Building CXX object esp-idf/nvs_flash/CMakeFiles/__idf_nvs_flash.dir/src/nvs_page.cpp.obj
[146/953] Building C object esp-idf/lwip/CMakeFiles/__idf_lwip.dir/lwip/src/api/tcpip.c.obj
[147/953] Building C object esp-idf/lwip/CMakeFiles/__idf_lwip.dir/lwip/src/apps/sntp/sntp.c.obj
[148/953] Building C object esp-idf/lwip/CMakeFiles/__idf_lwip.dir/lwip/src/apps/netbiosns/netbiosns.c.obj
[149/953] Building C object esp-idf/lwip/CMakeFiles/__idf_lwip.dir/lwip/src/core/def.c.obj
[150/953] Building C object esp-idf/lwip/CMakeFiles/__idf_lwip.dir/lwip/src/core/inet_chksum.c.obj
[151/953] Building CXX object esp-idf/nvs_flash/CMakeFiles/__idf_nvs_flash.dir/src/nvs_encrypted_partition.cpp.obj
[152/953] Building C object esp-idf/lwip/CMakeFiles/__idf_lwip.dir/lwip/src/core/ip.c.obj
[153/953] Building C object esp-idf/lwip/CMakeFiles/__idf_lwip.dir/lwip/src/core/init.c.obj
[154/953] Building C object esp-idf/lwip/CMakeFiles/__idf_lwip.dir/lwip/src/core/mem.c.obj
[155/953] Building CXX object esp-idf/nvs_flash/CMakeFiles/__idf_nvs_flash.dir/src/nvs_storage.cpp.obj
[156/953] Building CXX object esp-idf/nvs_flash/CMakeFiles/__idf_nvs_flash.dir/src/nvs_api.cpp.obj
[157/953] Building C object esp-idf/lwip/CMakeFiles/__idf_lwip.dir/lwip/src/api/api_msg.c.obj
[158/953] Building C object esp-idf/lwip/CMakeFiles/__idf_lwip.dir/lwip/src/core/memp.c.obj
[159/953] Building C object esp-idf/lwip/CMakeFiles/__idf_lwip.dir/lwip/src/core/stats.c.obj
[160/953] Building C object esp-idf/lwip/CMakeFiles/__idf_lwip.dir/lwip/src/core/sys.c.obj
[161/953] Linking C static library esp-idf/nvs_flash/libnvs_flash.a
[162/953] Building C object esp-idf/lwip/CMakeFiles/__idf_lwip.dir/lwip/src/core/raw.c.obj
[163/953] Linking C static library esp-idf/nvs_sec_provider/libnvs_sec_provider.a
[164/953] Building C object esp-idf/lwip/CMakeFiles/__idf_lwip.dir/lwip/src/core/timeouts.c.obj
[165/953] Building C object esp-idf/lwip/CMakeFiles/__idf_lwip.dir/lwip/src/core/dns.c.obj
[166/953] Building C object esp-idf/lwip/CMakeFiles/__idf_lwip.dir/lwip/src/core/pbuf.c.obj
[167/953] Building C object esp-idf/lwip/CMakeFiles/__idf_lwip.dir/lwip/src/core/ipv4/autoip.c.obj
[168/953] Building C object esp-idf/lwip/CMakeFiles/__idf_lwip.dir/lwip/src/core/ipv4/icmp.c.obj
[169/953] Building C object esp-idf/lwip/CMakeFiles/__idf_lwip.dir/lwip/src/core/udp.c.obj
[170/953] Building C object esp-idf/lwip/CMakeFiles/__idf_lwip.dir/lwip/src/core/netif.c.obj
[171/953] Building C object esp-idf/lwip/CMakeFiles/__idf_lwip.dir/lwip/src/core/ipv4/igmp.c.obj
[172/953] Building C object esp-idf/lwip/CMakeFiles/__idf_lwip.dir/lwip/src/core/ipv4/etharp.c.obj
[173/953] Building C object esp-idf/lwip/CMakeFiles/__idf_lwip.dir/lwip/src/core/ipv4/ip4_napt.c.obj
[174/953] Building C object esp-idf/lwip/CMakeFiles/__idf_lwip.dir/lwip/src/core/ipv4/ip4.c.obj
[175/953] Building C object esp-idf/lwip/CMakeFiles/__idf_lwip.dir/lwip/src/core/tcp_out.c.obj
[176/953] Building C object esp-idf/esp_netif/CMakeFiles/__idf_esp_netif.dir/lwip/esp_netif_lwip.c.obj
[177/953] Building C object esp-idf/lwip/CMakeFiles/__idf_lwip.dir/lwip/src/core/ipv4/ip4_frag.c.obj
[178/953] Building C object esp-idf/lwip/CMakeFiles/__idf_lwip.dir/lwip/src/core/ipv6/dhcp6.c.obj
[179/953] Building C object esp-idf/lwip/CMakeFiles/__idf_lwip.dir/lwip/src/core/ipv4/ip4_addr.c.obj
[180/953] Building C object esp-idf/lwip/CMakeFiles/__idf_lwip.dir/lwip/src/core/ipv6/inet6.c.obj
[181/953] Building C object esp-idf/lwip/CMakeFiles/__idf_lwip.dir/lwip/src/core/ipv6/ethip6.c.obj
[182/953] Building C object esp-idf/lwip/CMakeFiles/__idf_lwip.dir/lwip/src/core/ipv6/icmp6.c.obj
[183/953] Building C object esp-idf/lwip/CMakeFiles/__idf_lwip.dir/lwip/src/core/ipv6/ip6_frag.c.obj
[184/953] Building C object esp-idf/lwip/CMakeFiles/__idf_lwip.dir/lwip/src/core/ipv6/ip6_addr.c.obj
[185/953] Building C object esp-idf/lwip/CMakeFiles/__idf_lwip.dir/lwip/src/netif/bridgeif.c.obj
[186/953] Building C object esp-idf/lwip/CMakeFiles/__idf_lwip.dir/lwip/src/core/tcp.c.obj
[187/953] Building C object esp-idf/lwip/CMakeFiles/__idf_lwip.dir/lwip/src/netif/ethernet.c.obj
[188/953] Building C object esp-idf/lwip/CMakeFiles/__idf_lwip.dir/lwip/src/core/tcp_in.c.obj
[189/953] Building C object esp-idf/lwip/CMakeFiles/__idf_lwip.dir/lwip/src/netif/bridgeif_fdb.c.obj
[190/953] Building C object esp-idf/lwip/CMakeFiles/__idf_lwip.dir/lwip/src/core/ipv6/mld6.c.obj
[191/953] Building C object esp-idf/lwip/CMakeFiles/__idf_lwip.dir/lwip/src/netif/ppp/auth.c.obj
[192/953] Building C object esp-idf/lwip/CMakeFiles/__idf_lwip.dir/lwip/src/netif/ppp/ccp.c.obj
[193/953] Building C object esp-idf/lwip/CMakeFiles/__idf_lwip.dir/lwip/src/netif/ppp/chap-md5.c.obj
[194/953] Building C object esp-idf/lwip/CMakeFiles/__idf_lwip.dir/lwip/src/netif/slipif.c.obj
[195/953] Building C object esp-idf/lwip/CMakeFiles/__idf_lwip.dir/lwip/src/netif/ppp/chap-new.c.obj
[196/953] Building C object esp-idf/lwip/CMakeFiles/__idf_lwip.dir/lwip/src/netif/ppp/chap_ms.c.obj
[197/953] Building C object esp-idf/lwip/CMakeFiles/__idf_lwip.dir/lwip/src/netif/ppp/demand.c.obj
[198/953] Building C object esp-idf/lwip/CMakeFiles/__idf_lwip.dir/lwip/src/netif/ppp/eui64.c.obj
[199/953] Building C object esp-idf/lwip/CMakeFiles/__idf_lwip.dir/lwip/src/netif/ppp/eap.c.obj
[200/953] Building C object esp-idf/lwip/CMakeFiles/__idf_lwip.dir/lwip/src/netif/ppp/ecp.c.obj
[201/953] Building C object esp-idf/lwip/CMakeFiles/__idf_lwip.dir/lwip/src/netif/ppp/fsm.c.obj
[202/953] Building C object esp-idf/lwip/CMakeFiles/__idf_lwip.dir/lwip/src/netif/ppp/ipcp.c.obj
[203/953] Building C object esp-idf/lwip/CMakeFiles/__idf_lwip.dir/lwip/src/netif/ppp/ipv6cp.c.obj
[204/953] Building C object esp-idf/lwip/CMakeFiles/__idf_lwip.dir/lwip/src/core/ipv6/ip6.c.obj
[205/953] Building C object esp-idf/lwip/CMakeFiles/__idf_lwip.dir/lwip/src/netif/ppp/lcp.c.obj
[206/953] Building C object esp-idf/lwip/CMakeFiles/__idf_lwip.dir/lwip/src/core/ipv4/dhcp.c.obj
[207/953] Building C object esp-idf/lwip/CMakeFiles/__idf_lwip.dir/lwip/src/netif/ppp/magic.c.obj
[208/953] Building C object esp-idf/lwip/CMakeFiles/__idf_lwip.dir/lwip/src/api/sockets.c.obj
[209/953] Building C object esp-idf/lwip/CMakeFiles/__idf_lwip.dir/lwip/src/netif/ppp/pppcrypt.c.obj
[210/953] Building C object esp-idf/lwip/CMakeFiles/__idf_lwip.dir/lwip/src/netif/ppp/mppe.c.obj
[211/953] Building C object esp-idf/lwip/CMakeFiles/__idf_lwip.dir/lwip/src/netif/ppp/multilink.c.obj
[212/953] Building C object esp-idf/lwip/CMakeFiles/__idf_lwip.dir/lwip/src/netif/ppp/ppp.c.obj
[213/953] Building C object esp-idf/lwip/CMakeFiles/__idf_lwip.dir/lwip/src/netif/ppp/pppos.c.obj
[214/953] Building C object esp-idf/lwip/CMakeFiles/__idf_lwip.dir/lwip/src/netif/ppp/pppol2tp.c.obj
[215/953] Building C object esp-idf/lwip/CMakeFiles/__idf_lwip.dir/lwip/src/netif/ppp/pppapi.c.obj
[216/953] Building C object esp-idf/lwip/CMakeFiles/__idf_lwip.dir/lwip/src/netif/ppp/pppoe.c.obj
[217/953] Building C object esp-idf/lwip/CMakeFiles/__idf_lwip.dir/lwip/src/netif/ppp/upap.c.obj
[218/953] Building C object esp-idf/lwip/CMakeFiles/__idf_lwip.dir/lwip/src/netif/ppp/utils.c.obj
[219/953] Building C object esp-idf/lwip/CMakeFiles/__idf_lwip.dir/lwip/src/netif/ppp/vj.c.obj
[220/953] Building C object esp-idf/lwip/CMakeFiles/__idf_lwip.dir/port/hooks/tcp_isn_default.c.obj
[221/953] Building C object esp-idf/lwip/CMakeFiles/__idf_lwip.dir/port/sockets_ext.c.obj
[222/953] Building C object esp-idf/lwip/CMakeFiles/__idf_lwip.dir/port/hooks/lwip_default_hooks.c.obj
[223/953] Building C object esp-idf/lwip/CMakeFiles/__idf_lwip.dir/port/if_index.c.obj
[224/953] Building C object esp-idf/lwip/CMakeFiles/__idf_lwip.dir/port/acd_dhcp_check.c.obj
[225/953] Building C object esp-idf/lwip/CMakeFiles/__idf_lwip.dir/port/debug/lwip_debug.c.obj
[226/953] Building C object esp-idf/lwip/CMakeFiles/__idf_lwip.dir/port/freertos/sys_arch.c.obj
[227/953] Building C object esp-idf/lwip/CMakeFiles/__idf_lwip.dir/port/esp32xx/vfs_lwip.c.obj
[228/953] Building C object esp-idf/lwip/CMakeFiles/__idf_lwip.dir/lwip/src/netif/ppp/polarssl/des.c.obj
[229/953] Building C object esp-idf/lwip/CMakeFiles/__idf_lwip.dir/lwip/src/netif/ppp/polarssl/arc4.c.obj
[230/953] Building C object esp-idf/lwip/CMakeFiles/__idf_lwip.dir/lwip/src/netif/ppp/polarssl/sha1.c.obj
[231/953] Linking C static library esp-idf/esp_netif/libesp_netif.a
[232/953] Building C object esp-idf/lwip/CMakeFiles/__idf_lwip.dir/lwip/src/netif/ppp/polarssl/md5.c.obj
[233/953] Building C object esp-idf/lwip/CMakeFiles/__idf_lwip.dir/lwip/src/netif/ppp/polarssl/md4.c.obj
[234/953] Building C object esp-idf/lwip/CMakeFiles/__idf_lwip.dir/apps/ping/ping_sock.c.obj
[235/953] Building C object esp-idf/esp_driver_usb_serial_jtag/CMakeFiles/__idf_esp_driver_usb_serial_jtag.dir/src/usb_serial_jtag_connection_monitor.c.obj
[236/953] Building C object esp-idf/vfs/CMakeFiles/__idf_vfs.dir/nullfs.c.obj
[237/953] Building C object esp-idf/esp_driver_uart/CMakeFiles/__idf_esp_driver_uart.dir/src/uart_wakeup.c.obj
[238/953] Building C object esp-idf/esp_driver_usb_serial_jtag/CMakeFiles/__idf_esp_driver_usb_serial_jtag.dir/src/usb_serial_jtag.c.obj
[239/953] Building C object esp-idf/vfs/CMakeFiles/__idf_vfs.dir/vfs_eventfd.c.obj
[240/953] Building C object esp-idf/esp_driver_usb_serial_jtag/CMakeFiles/__idf_esp_driver_usb_serial_jtag.dir/src/usb_serial_jtag_vfs.c.obj
[241/953] Building C object esp-idf/lwip/CMakeFiles/__idf_lwip.dir/lwip/src/core/ipv6/nd6.c.obj
[242/953] Building C object esp-idf/vfs/CMakeFiles/__idf_vfs.dir/vfs_semihost.c.obj
[243/953] Building C object esp-idf/esp_psram/CMakeFiles/__idf_esp_psram.dir/system_layer/esp_psram_mspi.c.obj
[244/953] Building C object esp-idf/esp_psram/CMakeFiles/__idf_esp_psram.dir/xip_impl/mmu_psram_flash.c.obj
[245/953] Building C object esp-idf/vfs/CMakeFiles/__idf_vfs.dir/vfs.c.obj
[246/953] Building C object esp-idf/esp_event/CMakeFiles/__idf_esp_event.dir/default_event_loop.c.obj
[247/953] Building C object esp-idf/esp_psram/CMakeFiles/__idf_esp_psram.dir/system_layer/esp_psram.c.obj
[248/953] Building C object esp-idf/esp_psram/CMakeFiles/__idf_esp_psram.dir/esp32s3/esp_psram_impl_octal.c.obj
[249/953] Building C object esp-idf/esp_event/CMakeFiles/__idf_esp_event.dir/esp_event_private.c.obj
[250/953] Building CXX object esp-idf/cxx/CMakeFiles/__idf_cxx.dir/cxx_exception_stubs.cpp.obj
[251/953] Building CXX object esp-idf/cxx/CMakeFiles/__idf_cxx.dir/cxx_init.cpp.obj
[252/953] Building C object esp-idf/vfs/CMakeFiles/__idf_vfs.dir/vfs_calls.c.obj
[253/953] Building C object esp-idf/esp_driver_uart/CMakeFiles/__idf_esp_driver_uart.dir/src/uart_vfs.c.obj
[254/953] Building C object esp-idf/lwip/CMakeFiles/__idf_lwip.dir/apps/dhcpserver/dhcpserver.c.obj
[255/953] Building C object esp-idf/esp_libc/CMakeFiles/__idf_esp_libc.dir/src/init.c.obj
[256/953] Building C object esp-idf/pthread/CMakeFiles/__idf_pthread.dir/pthread_semaphore.c.obj
[257/953] Building C object esp-idf/esp_driver_uart/CMakeFiles/__idf_esp_driver_uart.dir/src/uhci.c.obj
[258/953] Building C object esp-idf/pthread/CMakeFiles/__idf_pthread.dir/pthread_cond_var.c.obj
[259/953] Building C object esp-idf/pthread/CMakeFiles/__idf_pthread.dir/pthread_local_storage.c.obj
[260/953] Building C object esp-idf/pthread/CMakeFiles/__idf_pthread.dir/pthread_rwlock.c.obj
[261/953] Building C object esp-idf/esp_libc/CMakeFiles/__idf_esp_libc.dir/src/abort.c.obj
[262/953] Building C object esp-idf/esp_event/CMakeFiles/__idf_esp_event.dir/esp_event.c.obj
[263/953] Building C object esp-idf/esp_libc/CMakeFiles/__idf_esp_libc.dir/src/assert.c.obj
[264/953] Building C object esp-idf/esp_libc/CMakeFiles/__idf_esp_libc.dir/src/heap.c.obj
[265/953] Building C object esp-idf/esp_libc/CMakeFiles/__idf_esp_libc.dir/src/poll.c.obj
[266/953] Building C object esp-idf/esp_libc/CMakeFiles/__idf_esp_libc.dir/src/random.c.obj
[267/953] Building C object esp-idf/esp_libc/CMakeFiles/__idf_esp_libc.dir/src/pthread.c.obj
[268/953] Building C object esp-idf/esp_libc/CMakeFiles/__idf_esp_libc.dir/src/termios.c.obj
[269/953] Building C object esp-idf/esp_libc/CMakeFiles/__idf_esp_libc.dir/src/getentropy.c.obj
[270/953] Building C object esp-idf/esp_ringbuf/CMakeFiles/__idf_esp_ringbuf.dir/ringbuf.c.obj
[271/953] Building C object esp-idf/esp_libc/CMakeFiles/__idf_esp_libc.dir/src/locks.c.obj
[272/953] Building CXX object esp-idf/cxx/CMakeFiles/__idf_cxx.dir/cxx_guards.cpp.obj
[273/953] Linking C static library esp-idf/lwip/liblwip.a
[274/953] Building C object esp-idf/esp_libc/CMakeFiles/__idf_esp_libc.dir/src/timekeeping.c.obj
[275/953] Building C object esp-idf/esp_libc/CMakeFiles/__idf_esp_libc.dir/src/sysconf.c.obj
[276/953] Building C object esp-idf/esp_libc/CMakeFiles/__idf_esp_libc.dir/src/realpath.c.obj
[277/953] Building C object esp-idf/esp_libc/CMakeFiles/__idf_esp_libc.dir/src/scandir.c.obj
[278/953] Building C object esp-idf/pthread/CMakeFiles/__idf_pthread.dir/pthread.c.obj
[279/953] Building C object esp-idf/esp_libc/CMakeFiles/__idf_esp_libc.dir/src/reent_syscalls.c.obj
[280/953] Building C object esp-idf/esp_libc/CMakeFiles/__idf_esp_libc.dir/src/syscalls.c.obj
[281/953] Building C object esp-idf/esp_libc/CMakeFiles/__idf_esp_libc.dir/src/port/esp_time_impl.c.obj
[282/953] Linking C static library esp-idf/vfs/libvfs.a
[283/953] Building C object esp-idf/esp_libc/CMakeFiles/__idf_esp_libc.dir/src/picolibc/rand.c.obj
[284/953] Building C object esp-idf/esp_libc/CMakeFiles/__idf_esp_libc.dir/src/picolibc/picolibc_init.c.obj
[285/953] Building C object esp-idf/esp_libc/CMakeFiles/__idf_esp_libc.dir/src/picolibc/errno.c.obj
[286/953] Building C object esp-idf/esp_libc/CMakeFiles/__idf_esp_libc.dir/src/picolibc/bufio_setvbuf.c.obj
[287/953] Building C object esp-idf/esp_libc/CMakeFiles/__idf_esp_libc.dir/src/picolibc/getreent.c.obj
[288/953] Building C object esp-idf/esp_libc/CMakeFiles/__idf_esp_libc.dir/src/picolibc/open_memstream.c.obj
[289/953] Linking C static library esp-idf/esp_driver_usb_serial_jtag/libesp_driver_usb_serial_jtag.a
[290/953] Building C object esp-idf/esp_libc/CMakeFiles/__idf_esp_libc.dir/src/picolibc/fopencookie.c.obj
[291/953] Building C object esp-idf/esp_libc/CMakeFiles/__idf_esp_libc.dir/src/time.c.obj
[292/953] Building C object esp-idf/freertos/CMakeFiles/__idf_freertos.dir/port_common.c.obj
[293/953] Building C object esp-idf/freertos/CMakeFiles/__idf_freertos.dir/app_startup.c.obj
[294/953] Building C object esp-idf/freertos/CMakeFiles/__idf_freertos.dir/heap_idf.c.obj
[295/953] Building C object esp-idf/freertos/CMakeFiles/__idf_freertos.dir/port_systick.c.obj
[296/953] Building C object esp-idf/freertos/CMakeFiles/__idf_freertos.dir/FreeRTOS-Kernel/list.c.obj
[297/953] Building C object esp-idf/esp_libc/CMakeFiles/__idf_esp_libc.dir/src/port/xtensa/stdatomic_s32c1i.c.obj
[298/953] Building ASM object esp-idf/freertos/CMakeFiles/__idf_freertos.dir/FreeRTOS-Kernel/portable/xtensa/portasm.S.obj
[299/953] Building C object esp-idf/freertos/CMakeFiles/__idf_freertos.dir/FreeRTOS-Kernel/portable/xtensa/xtensa_init.c.obj
[300/953] Building C object esp-idf/freertos/CMakeFiles/__idf_freertos.dir/FreeRTOS-Kernel/portable/xtensa/xtensa_overlay_os_hook.c.obj
[301/953] Building C object esp-idf/freertos/CMakeFiles/__idf_freertos.dir/FreeRTOS-Kernel/event_groups.c.obj
[302/953] Building C object esp-idf/freertos/CMakeFiles/__idf_freertos.dir/esp_additions/idf_additions_event_groups.c.obj
[303/953] Building C object esp-idf/freertos/CMakeFiles/__idf_freertos.dir/FreeRTOS-Kernel/portable/xtensa/port.c.obj
[304/953] Building C object esp-idf/freertos/CMakeFiles/__idf_freertos.dir/esp_additions/idf_additions.c.obj
[305/953] Building C object esp-idf/freertos/CMakeFiles/__idf_freertos.dir/FreeRTOS-Kernel/timers.c.obj
[306/953] Building C object esp-idf/esp_hw_support/CMakeFiles/__idf_esp_hw_support.dir/cpu.c.obj
[307/953] Building C object esp-idf/freertos/CMakeFiles/__idf_freertos.dir/FreeRTOS-Kernel/stream_buffer.c.obj
[308/953] Building C object esp-idf/esp_hw_support/CMakeFiles/__idf_esp_hw_support.dir/port/esp32s3/cpu_region_protect.c.obj
[309/953] Building C object esp-idf/esp_hw_support/CMakeFiles/__idf_esp_hw_support.dir/port/esp32s3/esp_cpu_intr.c.obj
[310/953] Building C object esp-idf/esp_hw_support/CMakeFiles/__idf_esp_hw_support.dir/esp_memory_utils.c.obj
[311/953] Building C object esp-idf/freertos/CMakeFiles/__idf_freertos.dir/FreeRTOS-Kernel/queue.c.obj
[312/953] Building C object esp-idf/esp_hw_support/CMakeFiles/__idf_esp_hw_support.dir/clk_ctrl_os.c.obj
[313/953] Building C object esp-idf/esp_hw_support/CMakeFiles/__idf_esp_hw_support.dir/revision.c.obj
[314/953] Building C object esp-idf/esp_hw_support/CMakeFiles/__idf_esp_hw_support.dir/hw_random.c.obj
[315/953] Building C object esp-idf/esp_hw_support/CMakeFiles/__idf_esp_hw_support.dir/esp_clk.c.obj
[316/953] Building C object esp-idf/esp_hw_support/CMakeFiles/__idf_esp_hw_support.dir/regi2c_ctrl.c.obj
[317/953] Building C object esp-idf/esp_hw_support/CMakeFiles/__idf_esp_hw_support.dir/esp_gpio_reserve.c.obj
[318/953] Building C object esp-idf/esp_libc/CMakeFiles/__idf_esp_libc.dir/src/stdatomic.c.obj
[319/953] Building C object esp-idf/esp_hw_support/CMakeFiles/__idf_esp_hw_support.dir/mac_addr.c.obj
[320/953] Building C object esp-idf/esp_hw_support/CMakeFiles/__idf_esp_hw_support.dir/rtc_module.c.obj
[321/953] Building C object esp-idf/esp_hw_support/CMakeFiles/__idf_esp_hw_support.dir/sar_periph_ctrl_common.c.obj
[322/953] Building C object esp-idf/esp_driver_uart/CMakeFiles/__idf_esp_driver_uart.dir/src/uart.c.obj
[323/953] Building C object esp-idf/esp_hw_support/CMakeFiles/__idf_esp_hw_support.dir/sar_tsens_ctrl.c.obj
[324/953] Building C object esp-idf/esp_hw_support/CMakeFiles/__idf_esp_hw_support.dir/io_mux.c.obj
[325/953] Building C object esp-idf/esp_hw_support/CMakeFiles/__idf_esp_hw_support.dir/periph_ctrl.c.obj
[326/953] Building C object esp-idf/esp_hw_support/CMakeFiles/__idf_esp_hw_support.dir/port/esp32s3/esp_clk_tree.c.obj
[327/953] Building C object esp-idf/esp_hw_support/CMakeFiles/__idf_esp_hw_support.dir/port/esp32s3/io_mux.c.obj
[328/953] Building C object esp-idf/esp_hw_support/CMakeFiles/__idf_esp_hw_support.dir/intr_alloc.c.obj
[329/953] Building C object esp-idf/esp_hw_support/CMakeFiles/__idf_esp_hw_support.dir/heap_align_hw.c.obj
[330/953] Building C object esp-idf/esp_hw_support/CMakeFiles/__idf_esp_hw_support.dir/clk_utils.c.obj
[331/953] Linking C static library esp-idf/esp_driver_uart/libesp_driver_uart.a
[332/953] Building C object esp-idf/esp_hw_support/CMakeFiles/__idf_esp_hw_support.dir/spi_bus_lock.c.obj
[333/953] Building C object esp-idf/esp_hw_support/CMakeFiles/__idf_esp_hw_support.dir/spi_share_hw_ctrl.c.obj
[334/953] Building C object esp-idf/esp_hw_support/CMakeFiles/__idf_esp_hw_support.dir/sleep_modem.c.obj
[335/953] Building C object esp-idf/esp_hw_support/CMakeFiles/__idf_esp_hw_support.dir/sleep_cache.c.obj
[336/953] Building C object esp-idf/esp_hw_support/CMakeFiles/__idf_esp_hw_support.dir/adc_share_hw_ctrl.c.obj
[337/953] Building C object esp-idf/esp_hw_support/CMakeFiles/__idf_esp_hw_support.dir/sleep_usb.c.obj
[338/953] Building C object esp-idf/esp_hw_support/CMakeFiles/__idf_esp_hw_support.dir/sleep_mspi.c.obj
[339/953] Building C object esp-idf/esp_hw_support/CMakeFiles/__idf_esp_hw_support.dir/port/esp_clk_tree_common.c.obj
[340/953] Building C object esp-idf/esp_hw_support/CMakeFiles/__idf_esp_hw_support.dir/sleep_console.c.obj
[341/953] Linking C static library esp-idf/esp_psram/libesp_psram.a
[342/953] Building C object esp-idf/esp_hw_support/CMakeFiles/__idf_esp_hw_support.dir/sleep_uart.c.obj
[343/953] Building C object esp-idf/esp_hw_support/CMakeFiles/__idf_esp_hw_support.dir/sleep_event.c.obj
[344/953] Building C object esp-idf/esp_hw_support/CMakeFiles/__idf_esp_hw_support.dir/port/esp32s3/systimer.c.obj
[345/953] Building C object esp-idf/esp_hw_support/CMakeFiles/__idf_esp_hw_support.dir/usb_phy/usb_phy.c.obj
[346/953] Building C object esp-idf/esp_hw_support/CMakeFiles/__idf_esp_hw_support.dir/mspi/mspi_intr/mspi_intr.c.obj
[347/953] Linking C static library esp-idf/esp_ringbuf/libesp_ringbuf.a
[348/953] Building C object esp-idf/esp_hw_support/CMakeFiles/__idf_esp_hw_support.dir/sleep_gpio.c.obj
[349/953] Building C object esp-idf/freertos/CMakeFiles/__idf_freertos.dir/FreeRTOS-Kernel/tasks.c.obj
[350/953] Building C object esp-idf/esp_hw_support/CMakeFiles/__idf_esp_hw_support.dir/sleep_wake_stub.c.obj
[351/953] Building C object esp-idf/esp_hw_support/CMakeFiles/__idf_esp_hw_support.dir/mspi/mspi_timing_tuning/mspi_timing_tuning.c.obj
[352/953] Building C object esp-idf/esp_hw_support/CMakeFiles/__idf_esp_hw_support.dir/esp_clock_output.c.obj
[353/953] Building C object esp-idf/esp_hw_support/CMakeFiles/__idf_esp_hw_support.dir/power_supply/brownout.c.obj
[354/953] Building C object esp-idf/esp_hw_support/CMakeFiles/__idf_esp_hw_support.dir/port/esp32s3/rtc_clk_init.c.obj
[355/953] Linking C static library esp-idf/esp_event/libesp_event.a
[356/953] Building C object esp-idf/esp_hw_support/CMakeFiles/__idf_esp_hw_support.dir/port/esp32s3/chip_info.c.obj
[357/953] Building C object esp-idf/esp_hw_support/CMakeFiles/__idf_esp_hw_support.dir/port/esp32s3/rtc_sleep.c.obj
[358/953] Building C object esp-idf/esp_hw_support/CMakeFiles/__idf_esp_hw_support.dir/port/esp_memprot_conv.c.obj
[359/953] Building C object esp-idf/esp_hw_support/CMakeFiles/__idf_esp_hw_support.dir/port/esp32s3/rtc_init.c.obj
[360/953] Building C object esp-idf/esp_hw_support/CMakeFiles/__idf_esp_hw_support.dir/mspi/mspi_timing_tuning/port/esp32s3/mspi_timing_config.c.obj
[361/953] Building C object esp-idf/esp_hw_support/CMakeFiles/__idf_esp_hw_support.dir/port/esp32s3/rtc_clk.c.obj
[362/953] Building C object esp-idf/esp_hw_support/CMakeFiles/__idf_esp_hw_support.dir/port/esp32s3/rtc_time.c.obj
[363/953] Linking C static library esp-idf/cxx/libcxx.a
[364/953] Building C object esp-idf/esp_hw_support/CMakeFiles/__idf_esp_hw_support.dir/port/esp32s3/sar_periph_ctrl.c.obj
[365/953] Building C object esp-idf/esp_hal_touch_sens/CMakeFiles/__idf_esp_hal_touch_sens.dir/esp32s3/touch_sensor_periph.c.obj
[366/953] Building C object esp-idf/esp_hal_pmu/CMakeFiles/__idf_esp_hal_pmu.dir/brownout_hal.c.obj
[367/953] Building C object esp-idf/esp_hw_support/CMakeFiles/__idf_esp_hw_support.dir/lowpower/port/esp32s3/sleep_cpu.c.obj
[368/953] Building C object esp-idf/esp_hal_pmu/CMakeFiles/__idf_esp_hal_pmu.dir/esp32s3/rtc_cntl_hal.c.obj
[369/953] Building C object esp-idf/esp_hw_support/CMakeFiles/__idf_esp_hw_support.dir/mspi/mspi_timing_tuning/port/esp32s3/mspi_timing_by_mspi_delay.c.obj
[370/953] Building C object esp-idf/esp_hal_touch_sens/CMakeFiles/__idf_esp_hal_touch_sens.dir/touch_sensor_legacy_hal.c.obj
[371/953] Building C object esp-idf/esp_hal_usb/CMakeFiles/__idf_esp_hal_usb.dir/esp32s3/usb_dwc_periph.c.obj
[372/953] Building C object esp-idf/esp_hal_touch_sens/CMakeFiles/__idf_esp_hal_touch_sens.dir/esp32s3/touch_sensor_legacy_hal.c.obj
[373/953] Building C object esp-idf/esp_hal_touch_sens/CMakeFiles/__idf_esp_hal_touch_sens.dir/touch_sens_hal.c.obj
[374/953] Linking C static library esp-idf/pthread/libpthread.a
[375/953] Building C object esp-idf/esp_hw_support/CMakeFiles/__idf_esp_hw_support.dir/sleep_modes.c.obj
[376/953] Building C object esp-idf/esp_hal_gpio/CMakeFiles/__idf_esp_hal_gpio.dir/esp32s3/dedic_gpio_periph.c.obj
[377/953] Building C object esp-idf/esp_hal_gpio/CMakeFiles/__idf_esp_hal_gpio.dir/esp32s3/rtc_io_periph.c.obj
[378/953] Building C object esp-idf/esp_hal_usb/CMakeFiles/__idf_esp_hal_usb.dir/usb_wrap_hal.c.obj
[379/953] Building C object esp-idf/esp_hal_gpio/CMakeFiles/__idf_esp_hal_gpio.dir/esp32s3/sdm_periph.c.obj
[380/953] Building C object esp-idf/esp_hal_usb/CMakeFiles/__idf_esp_hal_usb.dir/usb_serial_jtag_hal.c.obj
[381/953] Building C object esp-idf/esp_hal_gpio/CMakeFiles/__idf_esp_hal_gpio.dir/sdm_hal.c.obj
[382/953] Building C object esp-idf/esp_hal_gpio/CMakeFiles/__idf_esp_hal_gpio.dir/gpio_hal.c.obj
[383/953] Building C object esp-idf/esp_hal_usb/CMakeFiles/__idf_esp_hal_usb.dir/usb_dwc_hal.c.obj
[384/953] Building C object esp-idf/soc/CMakeFiles/__idf_soc.dir/lldesc.c.obj
[385/953] Building C object esp-idf/esp_hal_gpio/CMakeFiles/__idf_esp_hal_gpio.dir/rtc_io_hal.c.obj
[386/953] Building C object esp-idf/soc/CMakeFiles/__idf_soc.dir/esp32s3/interrupts.c.obj
[387/953] Building C object esp-idf/soc/CMakeFiles/__idf_soc.dir/esp32s3/gpio_periph.c.obj
[388/953] Building C object esp-idf/soc/CMakeFiles/__idf_soc.dir/esp32s3/power_supply_periph.c.obj
[389/953] Building C object esp-idf/soc/CMakeFiles/__idf_soc.dir/dport_access_common.c.obj
[390/953] Building C object esp-idf/soc/CMakeFiles/__idf_soc.dir/esp32s3/mpi_periph.c.obj
[391/953] Linking C static library esp-idf/esp_libc/libesp_libc.a
[392/953] Building C object esp-idf/heap/CMakeFiles/__idf_heap.dir/port/esp32s3/memory_layout.c.obj
[393/953] Building C object esp-idf/heap/CMakeFiles/__idf_heap.dir/heap_caps_base.c.obj
[394/953] Building C object esp-idf/heap/CMakeFiles/__idf_heap.dir/port/memory_layout_utils.c.obj
[395/953] Building C object esp-idf/log/CMakeFiles/__idf_log.dir/src/os/log_lock.c.obj
[396/953] Building C object esp-idf/log/CMakeFiles/__idf_log.dir/src/os/log_timestamp.c.obj
[397/953] Building C object esp-idf/log/CMakeFiles/__idf_log.dir/src/log_timestamp_common.c.obj
[398/953] Linking C static library esp-idf/freertos/libfreertos.a
[399/953] Building C object esp-idf/log/CMakeFiles/__idf_log.dir/src/os/util.c.obj
[400/953] Building C object esp-idf/heap/CMakeFiles/__idf_heap.dir/heap_caps_init.c.obj
[401/953] Building C object esp-idf/log/CMakeFiles/__idf_log.dir/src/buffer/log_buffers.c.obj
[402/953] Building C object esp-idf/log/CMakeFiles/__idf_log.dir/src/log_print.c.obj
[403/953] Building C object esp-idf/log/CMakeFiles/__idf_log.dir/src/util.c.obj
[404/953] Building C object esp-idf/log/CMakeFiles/__idf_log.dir/src/log_format_text.c.obj
[405/953] Building C object esp-idf/log/CMakeFiles/__idf_log.dir/src/log.c.obj
[406/953] Building C object esp-idf/log/CMakeFiles/__idf_log.dir/src/os/log_write.c.obj
[407/953] Building C object esp-idf/heap/CMakeFiles/__idf_heap.dir/multi_heap.c.obj
[408/953] Building C object esp-idf/log/CMakeFiles/__idf_log.dir/src/log_level/log_level.c.obj
[409/953] Building C object esp-idf/log/CMakeFiles/__idf_log.dir/src/log_level/tag_log_level/tag_log_level.c.obj
[410/953] Building C object esp-idf/log/CMakeFiles/__idf_log.dir/src/log_level/tag_log_level/linked_list/log_linked_list.c.obj
[411/953] Building C object esp-idf/log/CMakeFiles/__idf_log.dir/src/log_level/tag_log_level/cache/log_binary_heap.c.obj
[412/953] Building C object esp-idf/hal/CMakeFiles/__idf_hal.dir/efuse_hal.c.obj
[413/953] Building C object esp-idf/hal/CMakeFiles/__idf_hal.dir/hal_utils.c.obj
[414/953] Building C object esp-idf/hal/CMakeFiles/__idf_hal.dir/esp32s3/efuse_hal.c.obj
[415/953] Building C object esp-idf/hal/CMakeFiles/__idf_hal.dir/color_hal.c.obj
[416/953] Building C object esp-idf/esp_rom/CMakeFiles/__idf_esp_rom.dir/patches/esp_rom_sys.c.obj
[417/953] Building C object esp-idf/heap/CMakeFiles/__idf_heap.dir/heap_caps.c.obj
[418/953] Building C object esp-idf/esp_rom/CMakeFiles/__idf_esp_rom.dir/patches/esp_rom_crc.c.obj
[419/953] Building C object esp-idf/esp_rom/CMakeFiles/__idf_esp_rom.dir/patches/esp_rom_serial_output.c.obj
[420/953] Building C object esp-idf/esp_rom/CMakeFiles/__idf_esp_rom.dir/patches/esp_rom_efuse.c.obj
[421/953] Building ASM object esp-idf/esp_rom/CMakeFiles/__idf_esp_rom.dir/patches/esp_rom_longjmp.S.obj
[422/953] Building C object esp-idf/esp_rom/CMakeFiles/__idf_esp_rom.dir/patches/esp_rom_spiflash.c.obj
[423/953] Building C object esp-idf/esp_rom/CMakeFiles/__idf_esp_rom.dir/patches/esp_rom_gpio.c.obj
[424/953] Building C object esp-idf/hal/CMakeFiles/__idf_hal.dir/cache_hal.c.obj
[425/953] Building C object esp-idf/hal/CMakeFiles/__idf_hal.dir/mmu_hal.c.obj
[426/953] Building ASM object esp-idf/esp_rom/CMakeFiles/__idf_esp_rom.dir/patches/esp_rom_cache_writeback_esp32s3.S.obj
[427/953] Building C object esp-idf/esp_rom/CMakeFiles/__idf_esp_rom.dir/patches/esp_rom_cache_esp32s2_esp32s3.c.obj
[428/953] Building C object esp-idf/esp_system/CMakeFiles/__idf_esp_system.dir/esp_err.c.obj
[429/953] Building C object esp-idf/esp_system/CMakeFiles/__idf_esp_system.dir/crosscore_int.c.obj
[430/953] Building C object esp-idf/esp_system/CMakeFiles/__idf_esp_system.dir/esp_ipc.c.obj
[431/953] Building C object esp-idf/esp_system/CMakeFiles/__idf_esp_system.dir/esp_system.c.obj
[432/953] Building C object esp-idf/esp_system/CMakeFiles/__idf_esp_system.dir/startup.c.obj
[433/953] Building C object esp-idf/esp_rom/CMakeFiles/__idf_esp_rom.dir/patches/esp_rom_print.c.obj
[434/953] Building C object esp-idf/esp_system/CMakeFiles/__idf_esp_system.dir/stack_check.c.obj
[435/953] Building C object esp-idf/esp_common/CMakeFiles/__idf_esp_common.dir/src/esp_err_to_name.c.obj
[436/953] Building C object esp-idf/esp_system/CMakeFiles/__idf_esp_system.dir/freertos_hooks.c.obj
[437/953] Building C object esp-idf/esp_system/CMakeFiles/__idf_esp_system.dir/startup_funcs.c.obj
[438/953] Building C object esp-idf/esp_system/CMakeFiles/__idf_esp_system.dir/system_time.c.obj
[439/953] Building C object esp-idf/esp_system/CMakeFiles/__idf_esp_system.dir/panic.c.obj
[440/953] Building C object esp-idf/esp_hw_support/CMakeFiles/__idf_esp_hw_support.dir/port/esp32s3/esp_memprot.c.obj
[441/953] Building C object esp-idf/esp_system/CMakeFiles/__idf_esp_system.dir/ubsan.c.obj
[442/953] Building C object esp-idf/esp_system/CMakeFiles/__idf_esp_system.dir/xt_wdt.c.obj
[443/953] Building C object esp-idf/esp_system/CMakeFiles/__idf_esp_system.dir/port/esp_system_chip.c.obj
[444/953] Building C object esp-idf/esp_system/CMakeFiles/__idf_esp_system.dir/int_wdt.c.obj
[445/953] Building C object esp-idf/esp_system/CMakeFiles/__idf_esp_system.dir/port/panic_handler.c.obj
[446/953] Building ASM object esp-idf/esp_system/CMakeFiles/__idf_esp_system.dir/port/arch/xtensa/esp_ipc_isr_handler.S.obj
[447/953] Building C object esp-idf/esp_system/CMakeFiles/__idf_esp_system.dir/port/image_process.c.obj
[448/953] Building C object esp-idf/esp_system/CMakeFiles/__idf_esp_system.dir/task_wdt/task_wdt_impl_timergroup.c.obj
[449/953] Building ASM object esp-idf/esp_system/CMakeFiles/__idf_esp_system.dir/port/arch/xtensa/esp_ipc_isr_routines.S.obj
[450/953] Building ASM object esp-idf/esp_system/CMakeFiles/__idf_esp_system.dir/port/arch/xtensa/panic_handler_asm.S.obj
[451/953] Building C object esp-idf/esp_system/CMakeFiles/__idf_esp_system.dir/port/esp_ipc_isr.c.obj
[452/953] Building C object esp-idf/esp_system/CMakeFiles/__idf_esp_system.dir/port/arch/xtensa/esp_ipc_isr_port.c.obj
[453/953] Building ASM object esp-idf/esp_system/CMakeFiles/__idf_esp_system.dir/port/arch/xtensa/expression_with_stack_asm.S.obj
[454/953] Building ASM object esp-idf/esp_system/CMakeFiles/__idf_esp_system.dir/port/arch/xtensa/debug_helpers_asm.S.obj
[455/953] Building ASM object esp-idf/esp_system/CMakeFiles/__idf_esp_system.dir/port/soc/esp32s3/highint_hdl.S.obj
[456/953] Building C object esp-idf/esp_system/CMakeFiles/__idf_esp_system.dir/port/arch/xtensa/debug_stubs.c.obj
[457/953] Building C object esp-idf/esp_system/CMakeFiles/__idf_esp_system.dir/port/arch/xtensa/panic_arch.c.obj
[458/953] Building C object esp-idf/esp_system/CMakeFiles/__idf_esp_system.dir/port/arch/xtensa/expression_with_stack.c.obj
[459/953] Building C object esp-idf/esp_system/CMakeFiles/__idf_esp_system.dir/port/arch/xtensa/trax.c.obj
[460/953] Linking C static library esp-idf/esp_hw_support/libesp_hw_support.a
[461/953] Building C object esp-idf/esp_system/CMakeFiles/__idf_esp_system.dir/port/arch/xtensa/debug_helpers.c.obj
[462/953] Building C object esp-idf/esp_system/CMakeFiles/__idf_esp_system.dir/port/soc/esp32s3/reset_reason.c.obj
[463/953] Building C object esp-idf/spi_flash/CMakeFiles/__idf_spi_flash.dir/flash_brownout_hook.c.obj
[464/953] Building C object esp-idf/esp_system/CMakeFiles/__idf_esp_system.dir/port/soc/esp32s3/apb_backup_dma.c.obj
[465/953] Building C object esp-idf/esp_system/CMakeFiles/__idf_esp_system.dir/task_wdt/task_wdt.c.obj
[466/953] Linking C static library esp-idf/esp_hal_touch_sens/libesp_hal_touch_sens.a
[467/953] Building C object esp-idf/spi_flash/CMakeFiles/__idf_spi_flash.dir/esp32s3/spi_flash_oct_flash_init.c.obj
[468/953] Building C object esp-idf/esp_system/CMakeFiles/__idf_esp_system.dir/port/soc/esp32s3/cache_err_int.c.obj
[469/953] Building C object esp-idf/spi_flash/CMakeFiles/__idf_spi_flash.dir/spi_flash_chip_drivers.c.obj
[470/953] Building C object esp-idf/esp_system/CMakeFiles/__idf_esp_system.dir/port/soc/esp32s3/system_internal.c.obj
[471/953] Building C object esp-idf/esp_system/CMakeFiles/__idf_esp_system.dir/port/soc/esp32s3/clk.c.obj
[472/953] Building C object esp-idf/spi_flash/CMakeFiles/__idf_spi_flash.dir/spi_flash_hpm_enable.c.obj
[473/953] Building C object esp-idf/esp_system/CMakeFiles/__idf_esp_system.dir/port/cpu_start.c.obj
[474/953] Building C object esp-idf/spi_flash/CMakeFiles/__idf_spi_flash.dir/spi_flash_chip_issi.c.obj
[475/953] Linking C static library esp-idf/esp_hal_pmu/libesp_hal_pmu.a
[476/953] Building C object esp-idf/spi_flash/CMakeFiles/__idf_spi_flash.dir/spi_flash_chip_boya.c.obj
[477/953] Building C object esp-idf/spi_flash/CMakeFiles/__idf_spi_flash.dir/spi_flash_chip_mxic.c.obj
[478/953] Building C object esp-idf/spi_flash/CMakeFiles/__idf_spi_flash.dir/spi_flash_chip_gd.c.obj
[479/953] Building C object esp-idf/spi_flash/CMakeFiles/__idf_spi_flash.dir/spi_flash_chip_th.c.obj
[480/953] Building C object esp-idf/heap/CMakeFiles/__idf_heap.dir/tlsf/tlsf.c.obj
[481/953] Linking C static library esp-idf/esp_hal_usb/libesp_hal_usb.a
[482/953] Building C object esp-idf/spi_flash/CMakeFiles/__idf_spi_flash.dir/spi_flash_blockdev.c.obj
[483/953] Building C object esp-idf/spi_flash/CMakeFiles/__idf_spi_flash.dir/spi_flash_chip_winbond.c.obj
[484/953] Linking C static library esp-idf/esp_hal_gpio/libesp_hal_gpio.a
[485/953] Building C object esp-idf/spi_flash/CMakeFiles/__idf_spi_flash.dir/spi_flash_wrap.c.obj
[486/953] Building C object esp-idf/spi_flash/CMakeFiles/__idf_spi_flash.dir/memspi_host_driver.c.obj
[487/953] Building C object esp-idf/spi_flash/CMakeFiles/__idf_spi_flash.dir/flash_ops.c.obj
[488/953] Building C object esp-idf/spi_flash/CMakeFiles/__idf_spi_flash.dir/spi_flash_os_func_noos.c.obj
[489/953] Building C object esp-idf/spi_flash/CMakeFiles/__idf_spi_flash.dir/cache_utils.c.obj
[490/953] Building C object esp-idf/spi_flash/CMakeFiles/__idf_spi_flash.dir/spi_flash_chip_mxic_opi.c.obj
[491/953] Building C object esp-idf/spi_flash/CMakeFiles/__idf_spi_flash.dir/spi_flash_chip_generic.c.obj
[492/953] Building C object esp-idf/bootloader_support/CMakeFiles/__idf_bootloader_support.dir/src/bootloader_clock_init.c.obj
[493/953] Building C object esp-idf/spi_flash/CMakeFiles/__idf_spi_flash.dir/spi_flash_os_func_app.c.obj
[494/953] Building C object esp-idf/bootloader_support/CMakeFiles/__idf_bootloader_support.dir/src/bootloader_mem.c.obj
[495/953] Linking C static library esp-idf/soc/libsoc.a
[496/953] Building C object esp-idf/bootloader_support/CMakeFiles/__idf_bootloader_support.dir/src/bootloader_random.c.obj
[497/953] Building C object esp-idf/bootloader_support/CMakeFiles/__idf_bootloader_support.dir/src/bootloader_efuse.c.obj
[498/953] Building C object esp-idf/spi_flash/CMakeFiles/__idf_spi_flash.dir/flash_mmap.c.obj
[499/953] Building C object esp-idf/bootloader_support/CMakeFiles/__idf_bootloader_support.dir/src/bootloader_common_loader.c.obj
[500/953] Linking C static library esp-idf/heap/libheap.a
[501/953] Building C object esp-idf/spi_flash/CMakeFiles/__idf_spi_flash.dir/esp_flash_spi_init.c.obj
[502/953] Building C object esp-idf/bootloader_support/CMakeFiles/__idf_bootloader_support.dir/src/secure_boot.c.obj
[503/953] Building C object esp-idf/bootloader_support/CMakeFiles/__idf_bootloader_support.dir/src/flash_encrypt.c.obj
[504/953] Building C object esp-idf/bootloader_support/CMakeFiles/__idf_bootloader_support.dir/src/bootloader_common.c.obj
[505/953] Building C object esp-idf/bootloader_support/CMakeFiles/__idf_bootloader_support.dir/src/bootloader_random_esp32s3.c.obj
[506/953] Building C object esp-idf/bootloader_support/CMakeFiles/__idf_bootloader_support.dir/src/flash_partitions.c.obj
[507/953] Building C object esp-idf/bootloader_support/CMakeFiles/__idf_bootloader_support.dir/bootloader_flash/src/flash_qio_mode.c.obj
[508/953] Building C object esp-idf/bootloader_support/CMakeFiles/__idf_bootloader_support.dir/bootloader_flash/src/bootloader_flash_config_esp32s3.c.obj
[509/953] Linking C static library esp-idf/log/liblog.a
[510/953] Building C object esp-idf/bootloader_support/CMakeFiles/__idf_bootloader_support.dir/src/esp32s3/secure_boot_secure_features.c.obj
[511/953] Building C object esp-idf/esp_hal_ana_conv/CMakeFiles/__idf_esp_hal_ana_conv.dir/esp32s3/adc_periph.c.obj
[512/953] Building C object esp-idf/esp_hal_ana_conv/CMakeFiles/__idf_esp_hal_ana_conv.dir/esp32s3/temperature_sensor_periph.c.obj
[513/953] Linking C static library esp-idf/hal/libhal.a
[514/953] Building C object esp-idf/esp_hal_ana_conv/CMakeFiles/__idf_esp_hal_ana_conv.dir/adc_oneshot_hal.c.obj
[515/953] Building C object esp-idf/esp_hal_wdt/CMakeFiles/__idf_esp_hal_wdt.dir/esp32s3/mwdt_periph.c.obj
[516/953] Building C object esp-idf/bootloader_support/CMakeFiles/__idf_bootloader_support.dir/bootloader_flash/src/bootloader_flash.c.obj
[517/953] Building C object esp-idf/esp_hal_ana_conv/CMakeFiles/__idf_esp_hal_ana_conv.dir/temperature_sensor_hal.c.obj
[518/953] Building C object esp-idf/bootloader_support/CMakeFiles/__idf_bootloader_support.dir/src/bootloader_sha.c.obj
[519/953] Building C object esp-idf/esp_hal_ana_conv/CMakeFiles/__idf_esp_hal_ana_conv.dir/adc_hal_common.c.obj
[520/953] Building C object esp-idf/mbedtls/mbedtls/tf-psa-crypto/drivers/everest/CMakeFiles/everest.dir/library/Hacl_Curve25519_joined.c.obj
[521/953] Building C object esp-idf/mbedtls/mbedtls/tf-psa-crypto/drivers/everest/CMakeFiles/everest.dir/library/x25519.c.obj
[522/953] Linking C static library esp-idf/esp_rom/libesp_rom.a
[523/953] Building C object esp-idf/esp_hal_wdt/CMakeFiles/__idf_esp_hal_wdt.dir/rom_patch.c.obj
[524/953] Building C object esp-idf/esp_hal_wdt/CMakeFiles/__idf_esp_hal_wdt.dir/xt_wdt_hal.c.obj
[525/953] Building C object esp-idf/mbedtls/mbedtls/tf-psa-crypto/drivers/p256-m/CMakeFiles/p256-m.dir/p256-m_driver_entrypoints.c.obj
[526/953] Building C object esp-idf/esp_hal_ana_conv/CMakeFiles/__idf_esp_hal_ana_conv.dir/adc_hal.c.obj
[527/953] Building C object esp-idf/bootloader_support/CMakeFiles/__idf_bootloader_support.dir/src/esp_image_format.c.obj
[528/953] Building C object esp-idf/mbedtls/mbedtls/tf-psa-crypto/drivers/builtin/CMakeFiles/builtin.dir/src/aesni.c.obj
[529/953] Building C object esp-idf/mbedtls/mbedtls/tf-psa-crypto/drivers/p256-m/CMakeFiles/p256-m.dir/p256-m/p256-m.c.obj
[530/953] Building C object esp-idf/mbedtls/mbedtls/tf-psa-crypto/drivers/builtin/CMakeFiles/builtin.dir/src/aesce.c.obj
[531/953] Building C object esp-idf/spi_flash/CMakeFiles/__idf_spi_flash.dir/esp_flash_api.c.obj
[532/953] Building C object esp-idf/mbedtls/mbedtls/tf-psa-crypto/drivers/builtin/CMakeFiles/builtin.dir/src/aria.c.obj
[533/953] Building C object esp-idf/bootloader_support/CMakeFiles/__idf_bootloader_support.dir/src/bootloader_utility.c.obj
[534/953] Linking C static library esp-idf/esp_common/libesp_common.a
[535/953] Building C object esp-idf/mbedtls/mbedtls/tf-psa-crypto/drivers/builtin/CMakeFiles/builtin.dir/src/bignum_mod.c.obj
[536/953] Building C object esp-idf/mbedtls/mbedtls/tf-psa-crypto/drivers/builtin/CMakeFiles/builtin.dir/src/bignum_mod_raw.c.obj
[537/953] Building C object esp-idf/mbedtls/mbedtls/tf-psa-crypto/drivers/builtin/CMakeFiles/builtin.dir/src/camellia.c.obj
[538/953] Building C object esp-idf/mbedtls/mbedtls/tf-psa-crypto/drivers/builtin/CMakeFiles/builtin.dir/src/block_cipher.c.obj
[539/953] Building C object esp-idf/mbedtls/mbedtls/tf-psa-crypto/drivers/builtin/CMakeFiles/builtin.dir/src/chacha20.c.obj
[540/953] Building C object esp-idf/mbedtls/mbedtls/tf-psa-crypto/drivers/builtin/CMakeFiles/builtin.dir/src/chachapoly.c.obj
[541/953] Building C object esp-idf/mbedtls/mbedtls/tf-psa-crypto/drivers/builtin/CMakeFiles/builtin.dir/src/chacha20_neon.c.obj
[542/953] Building C object esp-idf/mbedtls/mbedtls/tf-psa-crypto/drivers/builtin/CMakeFiles/builtin.dir/src/ecjpake.c.obj
[543/953] Building C object esp-idf/mbedtls/mbedtls/tf-psa-crypto/drivers/builtin/CMakeFiles/builtin.dir/src/ccm.c.obj
[544/953] Linking C static library esp-idf/esp_system/libesp_system.a
[545/953] Building C object esp-idf/mbedtls/mbedtls/tf-psa-crypto/drivers/builtin/CMakeFiles/builtin.dir/src/cipher_wrap.c.obj
[546/953] Building C object esp-idf/mbedtls/mbedtls/tf-psa-crypto/drivers/builtin/CMakeFiles/builtin.dir/src/bignum_core.c.obj
[547/953] Building C object esp-idf/mbedtls/mbedtls/tf-psa-crypto/drivers/builtin/CMakeFiles/builtin.dir/src/ecp_curves_new.c.obj
[548/953] Building C object esp-idf/mbedtls/mbedtls/tf-psa-crypto/drivers/builtin/CMakeFiles/builtin.dir/src/entropy.c.obj
[549/953] Building C object esp-idf/mbedtls/mbedtls/tf-psa-crypto/drivers/builtin/CMakeFiles/builtin.dir/src/ecdsa.c.obj
[550/953] Building C object esp-idf/mbedtls/mbedtls/tf-psa-crypto/drivers/builtin/CMakeFiles/builtin.dir/src/entropy_poll.c.obj
[551/953] Linking C static library esp-idf/spi_flash/libspi_flash.a
[552/953] Building C object esp-idf/mbedtls/mbedtls/tf-psa-crypto/drivers/builtin/CMakeFiles/builtin.dir/src/cmac.c.obj
[553/953] Building C object esp-idf/mbedtls/mbedtls/tf-psa-crypto/drivers/builtin/CMakeFiles/builtin.dir/src/cipher.c.obj
[554/953] Building C object esp-idf/mbedtls/mbedtls/tf-psa-crypto/drivers/builtin/CMakeFiles/builtin.dir/src/poly1305.c.obj
[555/953] Building C object esp-idf/mbedtls/mbedtls/tf-psa-crypto/drivers/builtin/CMakeFiles/builtin.dir/src/ctr_drbg.c.obj
[556/953] Building C object esp-idf/mbedtls/mbedtls/tf-psa-crypto/drivers/builtin/CMakeFiles/builtin.dir/src/md5.c.obj
[557/953] Building C object esp-idf/mbedtls/mbedtls/tf-psa-crypto/drivers/builtin/CMakeFiles/builtin.dir/src/aes.c.obj
[558/953] Linking C static library esp-idf/bootloader_support/libbootloader_support.a
[559/953] Building C object esp-idf/mbedtls/mbedtls/tf-psa-crypto/drivers/builtin/CMakeFiles/builtin.dir/src/hmac_drbg.c.obj
[560/953] Building C object esp-idf/mbedtls/mbedtls/tf-psa-crypto/drivers/builtin/CMakeFiles/builtin.dir/src/psa_crypto_aead.c.obj
[561/953] Building C object esp-idf/mbedtls/mbedtls/tf-psa-crypto/drivers/builtin/CMakeFiles/builtin.dir/src/psa_crypto_hash.c.obj
[562/953] Building C object esp-idf/mbedtls/mbedtls/tf-psa-crypto/drivers/builtin/CMakeFiles/builtin.dir/src/psa_crypto_ffdh.c.obj
[563/953] Linking C static library esp-idf/esp_hal_ana_conv/libesp_hal_ana_conv.a
[564/953] Building C object esp-idf/mbedtls/mbedtls/tf-psa-crypto/drivers/builtin/CMakeFiles/builtin.dir/src/psa_crypto_mac.c.obj
[565/953] Building C object esp-idf/mbedtls/mbedtls/tf-psa-crypto/drivers/builtin/CMakeFiles/builtin.dir/src/psa_crypto_pake.c.obj
[566/953] Building C object esp-idf/mbedtls/mbedtls/tf-psa-crypto/drivers/builtin/CMakeFiles/builtin.dir/src/psa_crypto_cipher.c.obj
[567/953] Building C object esp-idf/mbedtls/mbedtls/tf-psa-crypto/drivers/builtin/CMakeFiles/builtin.dir/src/ecp_curves.c.obj
[568/953] Building C object esp-idf/mbedtls/mbedtls/tf-psa-crypto/drivers/builtin/CMakeFiles/builtin.dir/src/psa_crypto_ecp.c.obj
[569/953] Building C object esp-idf/mbedtls/mbedtls/tf-psa-crypto/drivers/builtin/CMakeFiles/builtin.dir/src/psa_crypto_xof.c.obj
[570/953] Building C object esp-idf/mbedtls/mbedtls/tf-psa-crypto/drivers/builtin/CMakeFiles/builtin.dir/src/gcm.c.obj
[571/953] Building C object esp-idf/mbedtls/mbedtls/tf-psa-crypto/drivers/builtin/CMakeFiles/builtin.dir/src/ripemd160.c.obj
[572/953] Linking C static library esp-idf/esp_hal_wdt/libesp_hal_wdt.a
[573/953] Building C object esp-idf/mbedtls/mbedtls/tf-psa-crypto/drivers/builtin/CMakeFiles/builtin.dir/src/sha1.c.obj
[574/953] Building C object esp-idf/mbedtls/mbedtls/tf-psa-crypto/drivers/builtin/CMakeFiles/builtin.dir/src/bignum.c.obj
[575/953] Building C object esp-idf/mbedtls/mbedtls/tf-psa-crypto/drivers/builtin/CMakeFiles/builtin.dir/src/rsa_alt_helpers.c.obj
[576/953] Building C object esp-idf/mbedtls/mbedtls/tf-psa-crypto/drivers/builtin/CMakeFiles/builtin.dir/src/psa_util_internal.c.obj
[577/953] Building C object esp-idf/mbedtls/mbedtls/tf-psa-crypto/drivers/builtin/CMakeFiles/builtin.dir/src/sha512.c.obj
[578/953] Building C object esp-idf/mbedtls/mbedtls/tf-psa-crypto/drivers/pqcp/CMakeFiles/pqcp.dir/src/psa_crypto_mldsa.c.obj
[579/953] Linking CXX static library esp-idf/mbedtls/mbedtls/tf-psa-crypto/drivers/everest/libeverest.a
[580/953] Building C object esp-idf/mbedtls/mbedtls/tf-psa-crypto/drivers/pqcp/CMakeFiles/pqcp.dir/src/wrap_mldsa_native.c.obj
[581/953] Building C object esp-idf/mbedtls/mbedtls/tf-psa-crypto/extras/CMakeFiles/extras.dir/lmots.c.obj
[582/953] Building C object esp-idf/mbedtls/mbedtls/tf-psa-crypto/drivers/builtin/CMakeFiles/builtin.dir/src/psa_crypto_rsa.c.obj
[583/953] Building C object esp-idf/mbedtls/mbedtls/tf-psa-crypto/extras/CMakeFiles/extras.dir/lms.c.obj
[584/953] Building C object esp-idf/mbedtls/mbedtls/tf-psa-crypto/extras/CMakeFiles/extras.dir/nist_kw.c.obj
[585/953] Linking CXX static library esp-idf/mbedtls/mbedtls/tf-psa-crypto/drivers/p256-m/libp256-m.a
[586/953] Building C object esp-idf/mbedtls/mbedtls/tf-psa-crypto/extras/CMakeFiles/extras.dir/pk_ecc.c.obj
[587/953] Building C object esp-idf/mbedtls/mbedtls/tf-psa-crypto/extras/CMakeFiles/extras.dir/pk_rsa.c.obj
[588/953] Building C object esp-idf/mbedtls/mbedtls/tf-psa-crypto/platform/CMakeFiles/platform.dir/memory_buffer_alloc.c.obj
[589/953] Building C object esp-idf/mbedtls/mbedtls/tf-psa-crypto/drivers/builtin/CMakeFiles/builtin.dir/src/sha3.c.obj
[590/953] Building C object esp-idf/mbedtls/mbedtls/tf-psa-crypto/extras/CMakeFiles/extras.dir/pk_wrap.c.obj
[591/953] Building C object esp-idf/mbedtls/mbedtls/tf-psa-crypto/drivers/builtin/CMakeFiles/builtin.dir/src/sha256.c.obj
[592/953] Building C object esp-idf/mbedtls/mbedtls/tf-psa-crypto/platform/CMakeFiles/platform.dir/platform.c.obj
[593/953] Building C object esp-idf/mbedtls/mbedtls/tf-psa-crypto/platform/CMakeFiles/platform.dir/platform_util.c.obj
[594/953] Building C object esp-idf/mbedtls/mbedtls/tf-psa-crypto/extras/CMakeFiles/extras.dir/md.c.obj
[595/953] Building C object esp-idf/mbedtls/mbedtls/tf-psa-crypto/extras/CMakeFiles/extras.dir/pkwrite.c.obj
[596/953] Building C object esp-idf/mbedtls/mbedtls/tf-psa-crypto/platform/CMakeFiles/platform.dir/threading.c.obj
[597/953] Building C object esp-idf/mbedtls/mbedtls/tf-psa-crypto/extras/CMakeFiles/extras.dir/pkparse.c.obj
[598/953] Building C object esp-idf/mbedtls/mbedtls/tf-psa-crypto/utilities/CMakeFiles/utilities.dir/constant_time.c.obj
[599/953] Building C object esp-idf/mbedtls/mbedtls/tf-psa-crypto/utilities/CMakeFiles/utilities.dir/asn1write.c.obj
[600/953] Building C object esp-idf/mbedtls/mbedtls/tf-psa-crypto/drivers/builtin/CMakeFiles/builtin.dir/src/ecp.c.obj
[601/953] Building C object esp-idf/mbedtls/mbedtls/tf-psa-crypto/utilities/CMakeFiles/utilities.dir/base64.c.obj
[602/953] Building C object esp-idf/mbedtls/mbedtls/tf-psa-crypto/utilities/CMakeFiles/utilities.dir/asn1parse.c.obj
[603/953] Building C object esp-idf/mbedtls/mbedtls/tf-psa-crypto/utilities/CMakeFiles/utilities.dir/oid.c.obj
[604/953] Building C object esp-idf/mbedtls/mbedtls/tf-psa-crypto/utilities/CMakeFiles/utilities.dir/pem.c.obj
[605/953] Building C object esp-idf/mbedtls/mbedtls/tf-psa-crypto/utilities/CMakeFiles/utilities.dir/pkcs5.c.obj
[606/953] Building C object esp-idf/mbedtls/mbedtls/tf-psa-crypto/core/CMakeFiles/tfpsacrypto.dir/psa_crypto_random.c.obj
[607/953] Building C object esp-idf/mbedtls/mbedtls/tf-psa-crypto/core/CMakeFiles/tfpsacrypto.dir/psa_crypto_client.c.obj
[608/953] Building C object esp-idf/mbedtls/mbedtls/tf-psa-crypto/core/CMakeFiles/tfpsacrypto.dir/psa_its_file.c.obj
[609/953] Building C object esp-idf/mbedtls/mbedtls/tf-psa-crypto/core/CMakeFiles/tfpsacrypto.dir/tf_psa_crypto_version.c.obj
[610/953] Building C object esp-idf/mbedtls/mbedtls/tf-psa-crypto/core/CMakeFiles/tfpsacrypto.dir/psa_util.c.obj
[611/953] Building C object esp-idf/mbedtls/mbedtls/tf-psa-crypto/core/CMakeFiles/tfpsacrypto.dir/Users/sarah/.espressif/v6.1/esp-idf/components/mbedtls/port/sha/core/esp_sha_gdma_impl.c.obj
[612/953] Building C object esp-idf/mbedtls/mbedtls/tf-psa-crypto/core/CMakeFiles/tfpsacrypto.dir/psa_crypto_storage.c.obj
[613/953] Building C object esp-idf/mbedtls/mbedtls/tf-psa-crypto/core/CMakeFiles/tfpsacrypto.dir/tf_psa_crypto_config.c.obj
[614/953] Building C object esp-idf/mbedtls/mbedtls/tf-psa-crypto/extras/CMakeFiles/extras.dir/pk.c.obj
[615/953] Building C object esp-idf/mbedtls/mbedtls/tf-psa-crypto/core/CMakeFiles/tfpsacrypto.dir/psa_crypto_driver_wrappers_no_static.c.obj
[616/953] Building C object esp-idf/mbedtls/mbedtls/tf-psa-crypto/core/CMakeFiles/tfpsacrypto.dir/Users/sarah/.espressif/v6.1/esp-idf/components/mbedtls/port/aes/dma/esp_aes_gdma_impl.c.obj
[617/953] Building C object esp-idf/mbedtls/mbedtls/tf-psa-crypto/core/CMakeFiles/tfpsacrypto.dir/Users/sarah/.espressif/v6.1/esp-idf/components/mbedtls/port/psa_crypto_storage/esp_psa_its.c.obj
[618/953] Building C object esp-idf/mbedtls/mbedtls/tf-psa-crypto/drivers/builtin/CMakeFiles/builtin.dir/src/rsa.c.obj
[619/953] Building C object esp-idf/mbedtls/mbedtls/tf-psa-crypto/core/CMakeFiles/tfpsacrypto.dir/Users/sarah/.espressif/v6.1/esp-idf/components/mbedtls/port/aes/esp_aes_common.c.obj
[620/953] Building C object esp-idf/mbedtls/mbedtls/tf-psa-crypto/core/CMakeFiles/tfpsacrypto.dir/Users/sarah/.espressif/v6.1/esp-idf/components/mbedtls/port/esp_hardware.c.obj
[621/953] Building C object esp-idf/mbedtls/mbedtls/tf-psa-crypto/core/CMakeFiles/tfpsacrypto.dir/Users/sarah/.espressif/v6.1/esp-idf/components/mbedtls/port/aes/dma/esp_aes_dma_core.c.obj
[622/953] Building C object esp-idf/mbedtls/mbedtls/tf-psa-crypto/core/CMakeFiles/tfpsacrypto.dir/Users/sarah/.espressif/v6.1/esp-idf/components/mbedtls/port/aes/esp_aes_xts.c.obj
[623/953] Building C object esp-idf/mbedtls/mbedtls/tf-psa-crypto/core/CMakeFiles/tfpsacrypto.dir/psa_crypto_slot_management.c.obj
[624/953] Building C object esp-idf/mbedtls/mbedtls/tf-psa-crypto/core/CMakeFiles/tfpsacrypto.dir/Users/sarah/.espressif/v6.1/esp-idf/components/mbedtls/port/crypto_shared_gdma/esp_crypto_shared_gdma.c.obj
[625/953] Building C object esp-idf/mbedtls/mbedtls/tf-psa-crypto/core/CMakeFiles/tfpsacrypto.dir/Users/sarah/.espressif/v6.1/esp-idf/components/mbedtls/port/psa_driver/esp_sha/psa_crypto_driver_esp_sha.c.obj
[626/953] Building C object esp-idf/mbedtls/mbedtls/tf-psa-crypto/core/CMakeFiles/tfpsacrypto.dir/Users/sarah/.espressif/v6.1/esp-idf/components/mbedtls/port/psa_driver/esp_sha/core/psa_crypto_driver_esp_sha256.c.obj
[627/953] Building C object esp-idf/mbedtls/mbedtls/tf-psa-crypto/core/CMakeFiles/tfpsacrypto.dir/Users/sarah/.espressif/v6.1/esp-idf/components/mbedtls/port/aes/esp_aes_gcm.c.obj
[628/953] Building C object esp-idf/mbedtls/mbedtls/tf-psa-crypto/core/CMakeFiles/tfpsacrypto.dir/Users/sarah/.espressif/v6.1/esp-idf/components/mbedtls/port/sha/esp_sha.c.obj
[629/953] Building C object esp-idf/mbedtls/mbedtls/tf-psa-crypto/core/CMakeFiles/tfpsacrypto.dir/Users/sarah/.espressif/v6.1/esp-idf/components/mbedtls/port/psa_driver/esp_sha/core/psa_crypto_driver_esp_sha512.c.obj
[630/953] Linking CXX static library esp-idf/mbedtls/mbedtls/tf-psa-crypto/drivers/builtin/libmbed-builtin.a
[631/953] Building C object esp-idf/mbedtls/mbedtls/tf-psa-crypto/core/CMakeFiles/tfpsacrypto.dir/Users/sarah/.espressif/v6.1/esp-idf/components/mbedtls/port/psa_driver/esp_md/psa_crypto_driver_esp_md5.c.obj
[632/953] Building C object esp-idf/mbedtls/mbedtls/tf-psa-crypto/core/CMakeFiles/tfpsacrypto.dir/Users/sarah/.espressif/v6.1/esp-idf/components/mbedtls/port/esp_hmac_pbkdf2.c.obj
[633/953] Building C object esp-idf/mbedtls/mbedtls/tf-psa-crypto/core/CMakeFiles/tfpsacrypto.dir/Users/sarah/.espressif/v6.1/esp-idf/components/mbedtls/port/psa_driver/esp_sha/core/psa_crypto_driver_esp_sha1.c.obj
[634/953] Building C object esp-idf/mbedtls/mbedtls/tf-psa-crypto/core/CMakeFiles/tfpsacrypto.dir/Users/sarah/.espressif/v6.1/esp-idf/components/mbedtls/port/aes/esp_aes.c.obj
[635/953] Building C object esp-idf/mbedtls/mbedtls/tf-psa-crypto/core/CMakeFiles/tfpsacrypto.dir/Users/sarah/.espressif/v6.1/esp-idf/components/mbedtls/port/psa_driver/esp_mac/psa_crypto_driver_esp_hmac_transparent.c.obj
[636/953] Building C object esp-idf/mbedtls/mbedtls/tf-psa-crypto/core/CMakeFiles/tfpsacrypto.dir/Users/sarah/.espressif/v6.1/esp-idf/components/mbedtls/port/psa_driver/esp_mac/psa_crypto_driver_esp_hmac_opaque.c.obj
[637/953] Building C object esp-idf/mbedtls/mbedtls/tf-psa-crypto/core/CMakeFiles/tfpsacrypto.dir/Users/sarah/.espressif/v6.1/esp-idf/components/mbedtls/port/bignum/bignum_alt.c.obj
[638/953] Linking CXX static library esp-idf/mbedtls/mbedtls/tf-psa-crypto/drivers/pqcp/libpqcp.a
[639/953] Building C object esp-idf/mbedtls/mbedtls/tf-psa-crypto/core/CMakeFiles/tfpsacrypto.dir/Users/sarah/.espressif/v6.1/esp-idf/components/mbedtls/port/sha/core/sha.c.obj
[640/953] Building C object esp-idf/mbedtls/mbedtls/tf-psa-crypto/core/CMakeFiles/tfpsacrypto.dir/Users/sarah/.espressif/v6.1/esp-idf/components/mbedtls/port/bignum/esp_bignum.c.obj
[641/953] Building C object esp-idf/mbedtls/mbedtls/library/CMakeFiles/mbedtls.dir/mps_trace.c.obj
[642/953] Building C object esp-idf/mbedtls/mbedtls/library/CMakeFiles/mbedtls.dir/debug.c.obj
[643/953] Building C object esp-idf/mbedtls/mbedtls/library/CMakeFiles/mbedtls.dir/mps_reader.c.obj
[644/953] Building C object esp-idf/mbedtls/mbedtls/tf-psa-crypto/core/CMakeFiles/tfpsacrypto.dir/Users/sarah/.espressif/v6.1/esp-idf/components/mbedtls/port/psa_driver/esp_aes/psa_crypto_driver_esp_aes_gcm.c.obj
[645/953] Building C object esp-idf/mbedtls/mbedtls/library/CMakeFiles/mbedtls.dir/ssl_cache.c.obj
[646/953] Building C object esp-idf/mbedtls/mbedtls/tf-psa-crypto/core/CMakeFiles/tfpsacrypto.dir/Users/sarah/.espressif/v6.1/esp-idf/components/mbedtls/port/psa_driver/esp_mac/psa_crypto_driver_esp_cmac.c.obj
[647/953] Building C object esp-idf/mbedtls/mbedtls/library/CMakeFiles/mbedtls.dir/ssl_ciphersuites.c.obj
[648/953] Linking CXX static library esp-idf/mbedtls/mbedtls/tf-psa-crypto/extras/libextras.a
[649/953] Building C object esp-idf/mbedtls/mbedtls/library/CMakeFiles/mbedtls.dir/ssl_cookie.c.obj
[650/953] Building C object esp-idf/mbedtls/mbedtls/tf-psa-crypto/core/CMakeFiles/tfpsacrypto.dir/Users/sarah/.espressif/v6.1/esp-idf/components/mbedtls/port/psa_driver/esp_aes/psa_crypto_driver_esp_aes.c.obj
[651/953] Building C object esp-idf/mbedtls/mbedtls/library/CMakeFiles/mbedtls.dir/ssl_client.c.obj
[652/953] Building C object esp-idf/mbedtls/mbedtls/library/CMakeFiles/mbedtls.dir/ssl_debug_helpers_generated.c.obj
[653/953] Building C object esp-idf/mbedtls/mbedtls/library/CMakeFiles/mbedtls.dir/ssl_tls13_keys.c.obj
[654/953] Linking CXX static library esp-idf/mbedtls/mbedtls/tf-psa-crypto/platform/libplatform.a
[655/953] Building C object esp-idf/mbedtls/mbedtls/library/CMakeFiles/mbedtls.dir/ssl_ticket.c.obj
[656/953] Building C object esp-idf/mbedtls/mbedtls/library/CMakeFiles/mbedtls.dir/ssl_tls13_server.c.obj
[657/953] Building C object esp-idf/mbedtls/mbedtls/library/CMakeFiles/mbedtls.dir/ssl_tls13_client.c.obj
[658/953] Building C object esp-idf/mbedtls/mbedtls/library/CMakeFiles/mbedtls.dir/ssl_tls13_generic.c.obj
[659/953] Building C object esp-idf/mbedtls/mbedtls/library/CMakeFiles/mbedtls.dir/timing.c.obj
[660/953] Linking CXX static library esp-idf/mbedtls/mbedtls/tf-psa-crypto/utilities/libutilities.a
[661/953] Building C object esp-idf/mbedtls/mbedtls/library/CMakeFiles/mbedtls.dir/version_features.c.obj
[662/953] Building C object esp-idf/mbedtls/mbedtls/library/CMakeFiles/mbedtls.dir/Users/sarah/.espressif/v6.1/esp-idf/components/mbedtls/port/esp_platform_time.c.obj
[663/953] Building C object esp-idf/mbedtls/mbedtls/library/CMakeFiles/mbedtls.dir/Users/sarah/.espressif/v6.1/esp-idf/components/mbedtls/port/esp_timing.c.obj
[664/953] Building C object esp-idf/mbedtls/mbedtls/library/CMakeFiles/mbedtls.dir/Users/sarah/.espressif/v6.1/esp-idf/components/mbedtls/port/mbedtls_debug.c.obj
[665/953] Building C object esp-idf/mbedtls/mbedtls/library/CMakeFiles/mbedtls.dir/version.c.obj
[666/953] Building C object esp-idf/mbedtls/mbedtls/library/CMakeFiles/mbedtls.dir/Users/sarah/.espressif/v6.1/esp-idf/components/mbedtls/port/esp_psa_crypto_init.c.obj
[667/953] Building C object esp-idf/mbedtls/mbedtls/library/CMakeFiles/mbedx509.dir/mbedtls_config.c.obj
[668/953] Building C object esp-idf/mbedtls/mbedtls/library/CMakeFiles/mbedtls.dir/ssl_tls12_client.c.obj
[669/953] Building C object esp-idf/mbedtls/mbedtls/library/CMakeFiles/mbedx509.dir/x509_create.c.obj
[670/953] Building C object esp-idf/mbedtls/mbedtls/library/CMakeFiles/mbedx509.dir/error.c.obj
[671/953] Building C object esp-idf/mbedtls/mbedtls/library/CMakeFiles/mbedx509.dir/pkcs7.c.obj
[672/953] Building C object esp-idf/mbedtls/mbedtls/library/CMakeFiles/mbedtls.dir/Users/sarah/.espressif/v6.1/esp-idf/components/mbedtls/port/net_sockets.c.obj
[673/953] Building C object esp-idf/mbedtls/mbedtls/library/CMakeFiles/mbedx509.dir/x509_crl.c.obj
[674/953] Building C object esp-idf/mbedtls/mbedtls/library/CMakeFiles/mbedx509.dir/x509write.c.obj
[675/953] Building C object esp-idf/mbedtls/mbedtls/library/CMakeFiles/mbedtls.dir/ssl_tls12_server.c.obj
[676/953] Building C object esp-idf/mbedtls/mbedtls/library/CMakeFiles/mbedx509.dir/x509write_crt.c.obj
[677/953] Building C object esp-idf/mbedtls/mbedtls/library/CMakeFiles/mbedx509.dir/x509_oid.c.obj
[678/953] Creating directories for 'bootloader'
[679/953] Building C object esp-idf/mbedtls/mbedtls/library/CMakeFiles/mbedx509.dir/x509_csr.c.obj
[680/953] Building C object esp-idf/mbedtls/mbedtls/library/CMakeFiles/mbedx509.dir/x509write_csr.c.obj
[681/953] No download step for 'bootloader'
[682/953] Building C object esp-idf/mbedtls/mbedtls/library/CMakeFiles/mbedtls.dir/ssl_msg.c.obj
[683/953] No update step for 'bootloader'
[684/953] No patch step for 'bootloader'
[685/953] Building C object esp-idf/mbedtls/mbedtls/library/CMakeFiles/mbedx509.dir/x509.c.obj
[686/953] Building C object esp-idf/mbedtls/mbedtls/library/CMakeFiles/mbedx509.dir/x509_crt.c.obj
[687/953] Building C object esp-idf/mbedtls/mbedtls/library/CMakeFiles/mbedtls.dir/ssl_tls.c.obj
[688/953] Building C object esp-idf/mbedtls/mbedtls/tf-psa-crypto/core/CMakeFiles/tfpsacrypto.dir/psa_crypto.c.obj
[689/953] Linking CXX static library esp-idf/mbedtls/mbedtls/tf-psa-crypto/core/libtfpsacrypto.a
[690/953] Linking CXX static library esp-idf/mbedtls/mbedtls/library/libmbedtls.a
[691/953] Linking CXX static library esp-idf/mbedtls/mbedtls/library/libmbedx509.a
[692/953] Generating x509_crt_bundle
[693/953] Generating ../../x509_crt_bundle.S
[694/953] Building ASM object esp-idf/mbedtls/CMakeFiles/__idf_mbedtls.dir/__/__/x509_crt_bundle.S.obj
[695/953] Building C object esp-idf/esp_mm/CMakeFiles/__idf_esp_mm.dir/port/esp32s3/ext_mem_layout.c.obj
[696/953] Building C object esp-idf/mbedtls/CMakeFiles/__idf_mbedtls.dir/port/esp_mem.c.obj
[697/953] Building C object esp-idf/esp_driver_dma/CMakeFiles/__idf_esp_driver_dma.dir/src/esp_async_memcpy.c.obj
[698/953] Building C object esp-idf/mbedtls/CMakeFiles/__idf_mbedtls.dir/port/psa_crypto_storage/esp_psa_key_file.c.obj
[699/953] Building C object esp-idf/esp_driver_dma/CMakeFiles/__idf_esp_driver_dma.dir/src/esp_dma_utils.c.obj
[700/953] Building C object esp-idf/esp_mm/CMakeFiles/__idf_esp_mm.dir/esp_cache_utils.c.obj
[701/953] Building C object esp-idf/esp_pm/CMakeFiles/__idf_esp_pm.dir/pm_locks.c.obj
[702/953] Building C object esp-idf/esp_driver_dma/CMakeFiles/__idf_esp_driver_dma.dir/src/gdma_link.c.obj
[703/953] Building C object esp-idf/mbedtls/CMakeFiles/__idf_mbedtls.dir/esp_crt_bundle/esp_crt_bundle.c.obj
[704/953] Building C object esp-idf/esp_mm/CMakeFiles/__idf_esp_mm.dir/esp_cache_msync.c.obj
[705/953] Building C object esp-idf/esp_pm/CMakeFiles/__idf_esp_pm.dir/pm_trace.c.obj
[706/953] Building C object esp-idf/esp_hal_uart/CMakeFiles/__idf_esp_hal_uart.dir/uart_hal_iram.c.obj
[707/953] Building C object esp-idf/esp_hal_uart/CMakeFiles/__idf_esp_hal_uart.dir/esp32s3/uart_periph.c.obj
[708/953] Building C object esp-idf/esp_hal_uart/CMakeFiles/__idf_esp_hal_uart.dir/uhci_hal.c.obj
[709/953] Linking C static library esp-idf/mbedtls/libmbedtls.a
[710/953] Building C object esp-idf/esp_pm/CMakeFiles/__idf_esp_pm.dir/pm_impl.c.obj
[711/953] Building C object esp-idf/esp_driver_gpio/CMakeFiles/__idf_esp_driver_gpio.dir/src/gpio_glitch_filter_ops.c.obj
[712/953] Building C object esp-idf/esp_hal_uart/CMakeFiles/__idf_esp_hal_uart.dir/uart_hal.c.obj
[713/953] Building C object esp-idf/esp_driver_dma/CMakeFiles/__idf_esp_driver_dma.dir/src/async_memcpy_gdma.c.obj
[714/953] Building C object esp-idf/esp_security/CMakeFiles/__idf_esp_security.dir/src/init.c.obj
[715/953] Building C object esp-idf/esp_security/CMakeFiles/__idf_esp_security.dir/src/esp_crypto_lock.c.obj
[716/953] Building C object esp-idf/esp_driver_gpio/CMakeFiles/__idf_esp_driver_gpio.dir/src/gpio_pin_glitch_filter.c.obj
[717/953] Building C object esp-idf/esp_security/CMakeFiles/__idf_esp_security.dir/src/esp_hmac.c.obj
[718/953] Building C object esp-idf/esp_security/CMakeFiles/__idf_esp_security.dir/src/esp_crypto_periph_clk.c.obj
[719/953] Building C object esp-idf/esp_security/CMakeFiles/__idf_esp_security.dir/src/esp32s3/esp_crypto_clk.c.obj
[720/953] Building C object esp-idf/esp_security/CMakeFiles/__idf_esp_security.dir/src/esp_ds.c.obj
[721/953] Building C object esp-idf/esp_timer/CMakeFiles/__idf_esp_timer.dir/src/esp_timer_init.c.obj
[722/953] Building C object esp-idf/esp_timer/CMakeFiles/__idf_esp_timer.dir/src/system_time.c.obj
[723/953] Building C object esp-idf/esp_driver_gpio/CMakeFiles/__idf_esp_driver_gpio.dir/src/dedic_gpio.c.obj
[724/953] Building C object esp-idf/esp_timer/CMakeFiles/__idf_esp_timer.dir/src/esp_timer_impl_common.c.obj
[725/953] Building C object esp-idf/esp_driver_gpio/CMakeFiles/__idf_esp_driver_gpio.dir/src/rtc_io.c.obj
[726/953] Building C object esp-idf/esp_timer/CMakeFiles/__idf_esp_timer.dir/src/ets_timer_legacy.c.obj
[727/953] Building C object esp-idf/esp_mm/CMakeFiles/__idf_esp_mm.dir/esp_mmu_map.c.obj
[728/953] Building C object esp-idf/esp_hal_timg/CMakeFiles/__idf_esp_hal_timg.dir/timer_hal.c.obj
[729/953] Building C object esp-idf/esp_timer/CMakeFiles/__idf_esp_timer.dir/src/esp_timer_impl_systimer.c.obj
[730/953] Building C object esp-idf/esp_hal_systimer/CMakeFiles/__idf_esp_hal_systimer.dir/systimer_hal.c.obj
[731/953] Building C object esp-idf/esp_hal_timg/CMakeFiles/__idf_esp_hal_timg.dir/esp32s3/timer_periph.c.obj
[732/953] Building C object esp-idf/efuse/CMakeFiles/__idf_efuse.dir/esp32s3/esp_efuse_table.c.obj
[733/953] Building C object esp-idf/efuse/CMakeFiles/__idf_efuse.dir/esp32s3/esp_efuse_fields.c.obj
[734/953] Building C object esp-idf/esp_driver_dma/CMakeFiles/__idf_esp_driver_dma.dir/src/gdma.c.obj
[735/953] Building C object esp-idf/efuse/CMakeFiles/__idf_efuse.dir/esp32s3/esp_efuse_rtc_calib.c.obj
[736/953] Building C object esp-idf/esp_timer/CMakeFiles/__idf_esp_timer.dir/src/esp_timer.c.obj
[737/953] Building C object esp-idf/efuse/CMakeFiles/__idf_efuse.dir/esp32s3/esp_efuse_utility.c.obj
[738/953] Building C object esp-idf/efuse/CMakeFiles/__idf_efuse.dir/src/esp_efuse_fields.c.obj
[739/953] Building C object esp-idf/efuse/CMakeFiles/__idf_efuse.dir/src/esp_efuse_startup.c.obj
[740/953] Linking C static library esp-idf/esp_driver_dma/libesp_driver_dma.a
[741/953] Building C object esp-idf/esp_bootloader_format/CMakeFiles/__idf_esp_bootloader_format.dir/esp_bootloader_desc.c.obj
[742/953] Building C object esp-idf/esp_partition/CMakeFiles/__idf_esp_partition.dir/partition_target.c.obj
[743/953] Building C object esp-idf/efuse/CMakeFiles/__idf_efuse.dir/src/efuse_controller/keys/with_key_purposes/esp_efuse_api_key.c.obj
[744/953] Building C object esp-idf/efuse/CMakeFiles/__idf_efuse.dir/src/esp_efuse_api.c.obj
[745/953] Building C object esp-idf/esp_app_format/CMakeFiles/__idf_esp_app_format.dir/esp_app_desc.c.obj
[746/953] Linking C static library esp-idf/esp_mm/libesp_mm.a
[747/953] Building C object esp-idf/efuse/CMakeFiles/__idf_efuse.dir/src/esp_efuse_utility.c.obj
[748/953] Building C object esp-idf/esp_hal_security/CMakeFiles/__idf_esp_hal_security.dir/mpi_hal.c.obj
[749/953] Building C object esp-idf/esp_hal_security/CMakeFiles/__idf_esp_hal_security.dir/sha_hal.c.obj
[750/953] Building C object esp-idf/esp_hal_security/CMakeFiles/__idf_esp_hal_security.dir/aes_hal.c.obj
[751/953] Building C object esp-idf/esp_hal_security/CMakeFiles/__idf_esp_hal_security.dir/ds_hal.c.obj
[752/953] Building C object esp-idf/esp_hal_security/CMakeFiles/__idf_esp_hal_security.dir/mpu_hal.c.obj
[753/953] Linking C static library esp-idf/esp_pm/libesp_pm.a
[754/953] Building C object esp-idf/esp_hal_security/CMakeFiles/__idf_esp_hal_security.dir/hmac_hal.c.obj
[755/953] Building C object esp-idf/esp_hal_mspi/CMakeFiles/__idf_esp_hal_mspi.dir/spi_flash_encrypt_hal_iram.c.obj
[756/953] Building C object esp-idf/esp_hal_mspi/CMakeFiles/__idf_esp_hal_mspi.dir/esp32s3/mspi_periph.c.obj
[757/953] Building C object esp-idf/esp_hal_mspi/CMakeFiles/__idf_esp_hal_mspi.dir/spi_flash_hal.c.obj
[758/953] Building C object esp-idf/esp_hal_gpspi/CMakeFiles/__idf_esp_hal_gpspi.dir/esp32s3/spi_periph.c.obj
[759/953] Linking C static library esp-idf/esp_hal_uart/libesp_hal_uart.a
[760/953] Building C object esp-idf/esp_driver_gpio/CMakeFiles/__idf_esp_driver_gpio.dir/src/gpio.c.obj
[761/953] Building C object esp-idf/esp_hal_clock/CMakeFiles/__idf_esp_hal_clock.dir/esp32s3/clk_tree_hal.c.obj
[762/953] Building C object esp-idf/esp_hal_gpspi/CMakeFiles/__idf_esp_hal_gpspi.dir/spi_hal.c.obj
[763/953] Building C object esp-idf/esp_hal_gpspi/CMakeFiles/__idf_esp_hal_gpspi.dir/spi_slave_hal.c.obj
[764/953] Linking C static library esp-idf/esp_driver_gpio/libesp_driver_gpio.a
[765/953] Building C object esp-idf/esp_partition/CMakeFiles/__idf_esp_partition.dir/partition.c.obj
[766/953] Building C object esp-idf/esp_hal_dma/CMakeFiles/__idf_esp_hal_dma.dir/gdma_hal_top.c.obj
[767/953] Building C object esp-idf/esp_hal_mspi/CMakeFiles/__idf_esp_hal_mspi.dir/spi_flash_hal_gpspi.c.obj
[768/953] Building C object esp-idf/esp_hal_dma/CMakeFiles/__idf_esp_hal_dma.dir/esp32s3/gdma_periph.c.obj
[769/953] Building C object esp-idf/esp_hal_gpspi/CMakeFiles/__idf_esp_hal_gpspi.dir/spi_slave_hal_iram.c.obj
[770/953] Building C object esp-idf/esp_stdio/CMakeFiles/__idf_esp_stdio.dir/stdio_simple.c.obj
[771/953] Linking C static library esp-idf/esp_security/libesp_security.a
[772/953] Building C object esp-idf/xtensa/CMakeFiles/__idf_xtensa.dir/eri.c.obj
[773/953] Building C object esp-idf/esp_stdio/CMakeFiles/__idf_esp_stdio.dir/stdio_syscalls_simple.c.obj
[774/953] Building C object esp-idf/esp_stdio/CMakeFiles/__idf_esp_stdio.dir/stdio_port.c.obj
[775/953] Building C object esp-idf/esp_hal_dma/CMakeFiles/__idf_esp_hal_dma.dir/gdma_hal_ahb_v1.c.obj
[776/953] Building C object esp-idf/xtensa/CMakeFiles/__idf_xtensa.dir/xt_trax.c.obj
[777/953] Building ASM object esp-idf/xtensa/CMakeFiles/__idf_xtensa.dir/xtensa_context.S.obj
[778/953] Building ASM object esp-idf/xtensa/CMakeFiles/__idf_xtensa.dir/xtensa_intr_asm.S.obj
[779/953] Linking C static library esp-idf/esp_timer/libesp_timer.a
[780/953] Building C object esp-idf/esp_stdio/CMakeFiles/__idf_esp_stdio.dir/stdio_vfs.c.obj
[781/953] Building ASM object esp-idf/xtensa/CMakeFiles/__idf_xtensa.dir/xtensa_vectors.S.obj
[782/953] Building C object esp-idf/esp_hal_mspi/CMakeFiles/__idf_esp_hal_mspi.dir/spi_flash_hal_iram.c.obj
[783/953] Building C object esp-idf/xtensa/CMakeFiles/__idf_xtensa.dir/xtensa_intr.c.obj
[784/953] Building C object esp-idf/esp_hal_i2c/CMakeFiles/__idf_esp_hal_i2c.dir/esp32s3/i2c_periph.c.obj
[785/953] Building C object esp-idf/esp_hal_i2c/CMakeFiles/__idf_esp_hal_i2c.dir/i2c_hal_iram.c.obj
[786/953] Linking C static library esp-idf/esp_hal_systimer/libesp_hal_systimer.a
[787/953] Building C object esp-idf/esp_hal_gpspi/CMakeFiles/__idf_esp_hal_gpspi.dir/spi_hal_iram.c.obj
[788/953] Building C object esp-idf/esp_hal_i2s/CMakeFiles/__idf_esp_hal_i2s.dir/esp32s3/i2s_periph.c.obj
[789/953] Building C object esp-idf/esp_hal_i2c/CMakeFiles/__idf_esp_hal_i2c.dir/i2c_hal.c.obj
[790/953] Building C object esp-idf/esp_hal_gpspi/CMakeFiles/__idf_esp_hal_gpspi.dir/spi_slave_hd_hal.c.obj
[791/953] Linking C static library esp-idf/esp_hal_timg/libesp_hal_timg.a
[792/953] Building C object esp-idf/app_update/CMakeFiles/__idf_app_update.dir/esp_ota_ops.c.obj
[793/953] Building C object esp-idf/esp_driver_i2c/CMakeFiles/__idf_esp_driver_i2c.dir/i2c_common.c.obj
[794/953] Building C object esp-idf/esp_hal_i2s/CMakeFiles/__idf_esp_hal_i2s.dir/i2s_hal.c.obj
[795/953] Building C object esp-idf/esp_hal_lcd/CMakeFiles/__idf_esp_hal_lcd.dir/lcd_hal.c.obj
[796/953] Linking C static library esp-idf/efuse/libefuse.a
[797/953] Building C object esp-idf/esp_hal_lcd/CMakeFiles/__idf_esp_hal_lcd.dir/esp32s3/lcd_periph.c.obj
[798/953] Building C object esp-idf/esp_driver_i2c/CMakeFiles/__idf_esp_driver_i2c.dir/i2c_slave.c.obj
[799/953] Linking C static library esp-idf/esp_partition/libesp_partition.a
[800/953] Building C object esp-idf/esp_driver_spi/CMakeFiles/__idf_esp_driver_spi.dir/src/gpspi/spi_slave.c.obj
[801/953] Linking C static library esp-idf/app_update/libapp_update.a
[802/953] Building C object esp-idf/esp_driver_spi/CMakeFiles/__idf_esp_driver_spi.dir/src/gpspi/spi_slave_hd.c.obj
[803/953] Building C object esp-idf/esp_driver_i2s/CMakeFiles/__idf_esp_driver_i2s.dir/i2s_platform.c.obj
[804/953] Linking C static library esp-idf/esp_bootloader_format/libesp_bootloader_format.a
[805/953] Building C object esp-idf/esp_hal_twai/CMakeFiles/__idf_esp_hal_twai.dir/esp32s3/twai_periph.c.obj
[806/953] Building C object esp-idf/esp_driver_i2s/CMakeFiles/__idf_esp_driver_i2s.dir/i2s_std.c.obj
[807/953] Building C object esp-idf/esp_driver_spi/CMakeFiles/__idf_esp_driver_spi.dir/src/gpspi/spi_common.c.obj
[808/953] Linking C static library esp-idf/esp_app_format/libesp_app_format.a
[809/953] Building C object esp-idf/esp_lcd/CMakeFiles/__idf_esp_lcd.dir/src/esp_lcd_common.c.obj
[810/953] Building C object esp-idf/esp_lcd/CMakeFiles/__idf_esp_lcd.dir/src/esp_lcd_panel_io.c.obj
[811/953] Building C object esp-idf/esp_driver_i2s/CMakeFiles/__idf_esp_driver_i2s.dir/i2s_tdm.c.obj
[812/953] Linking C static library esp-idf/esp_hal_security/libesp_hal_security.a
[813/953] Building C object esp-idf/esp_lcd/CMakeFiles/__idf_esp_lcd.dir/src/esp_lcd_panel_ssd1306.c.obj
[814/953] Building C object esp-idf/esp_hal_twai/CMakeFiles/__idf_esp_hal_twai.dir/twai_hal_v1.c.obj
[815/953] Building C object esp-idf/esp_lcd/CMakeFiles/__idf_esp_lcd.dir/src/esp_lcd_panel_ops.c.obj
[816/953] Building C object esp-idf/esp_lcd/CMakeFiles/__idf_esp_lcd.dir/src/esp_lcd_panel_st7789.c.obj
[817/953] Building C object esp-idf/esp_lcd/CMakeFiles/__idf_esp_lcd.dir/i2c/esp_lcd_panel_io_i2c.c.obj
[818/953] Building C object esp-idf/esp_driver_i2c/CMakeFiles/__idf_esp_driver_i2c.dir/i2c_master.c.obj
[819/953] Building C object esp-idf/esp_driver_spi/CMakeFiles/__idf_esp_driver_spi.dir/src/gpspi/spi_master.c.obj
[820/953] Linking C static library esp-idf/esp_hal_mspi/libesp_hal_mspi.a
[821/953] Building C object esp-idf/esp_driver_i2s/CMakeFiles/__idf_esp_driver_i2s.dir/i2s_pdm.c.obj
[822/953] Building C object esp-idf/esp_lcd/CMakeFiles/__idf_esp_lcd.dir/spi/esp_lcd_panel_io_spi.c.obj
[823/953] Building C object esp-idf/esp_driver_i2s/CMakeFiles/__idf_esp_driver_i2s.dir/i2s_common.c.obj
[824/953] Linking C static library esp-idf/esp_hal_clock/libesp_hal_clock.a
[825/953] Building C object esp-idf/espressif__esp_lcd_co5300/CMakeFiles/__idf_espressif__esp_lcd_co5300.dir/esp_lcd_co5300_mipi.c.obj
[826/953] Building C object esp-idf/driver/CMakeFiles/__idf_driver.dir/touch_sensor/touch_sensor_common.c.obj
[827/953] Building C object esp-idf/espressif__esp_lcd_co5300/CMakeFiles/__idf_espressif__esp_lcd_co5300.dir/esp_lcd_co5300.c.obj
[828/953] Linking C static library esp-idf/esp_hal_gpspi/libesp_hal_gpspi.a
[829/953] Linking C static library esp-idf/esp_hal_dma/libesp_hal_dma.a
[830/953] Building C object esp-idf/esp_lcd/CMakeFiles/__idf_esp_lcd.dir/i80/esp_lcd_panel_io_i80.c.obj
[831/953] Building C object esp-idf/espressif__esp_lcd_qemu_rgb/CMakeFiles/__idf_espressif__esp_lcd_qemu_rgb.dir/src/esp_lcd_qemu_rgb.c.obj
[832/953] Building C object esp-idf/espressif__esp_lcd_touch_cst816s/CMakeFiles/__idf_espressif__esp_lcd_touch_cst816s.dir/esp_lcd_touch_cst816s.c.obj
[833/953] Linking C static library esp-idf/esp_stdio/libesp_stdio.a
[834/953] Building C object esp-idf/espressif__tinyusb/CMakeFiles/__idf_espressif__tinyusb.dir/src/class/cdc/cdc_device.c.obj
[835/953] Building C object esp-idf/espressif__tinyusb/CMakeFiles/__idf_espressif__tinyusb.dir/src/class/hid/hid_device.c.obj
[836/953] Building C object esp-idf/waveshare__pcf85063a/CMakeFiles/__idf_waveshare__pcf85063a.dir/pcf85063a.c.obj
[837/953] Building C object esp-idf/espressif__tinyusb/CMakeFiles/__idf_espressif__tinyusb.dir/src/class/midi/midi_device.c.obj
[838/953] Building C object esp-idf/espressif__esp_lcd_touch/CMakeFiles/__idf_espressif__esp_lcd_touch.dir/esp_lcd_touch.c.obj
[839/953] Building C object esp-idf/espressif__esp_lcd_co5300/CMakeFiles/__idf_espressif__esp_lcd_co5300.dir/esp_lcd_co5300_spi.c.obj
[840/953] Building C object esp-idf/espressif__tinyusb/CMakeFiles/__idf_espressif__tinyusb.dir/src/class/midi/midi2_device.c.obj
[841/953] Building C object esp-idf/espressif__tinyusb/CMakeFiles/__idf_espressif__tinyusb.dir/src/class/mtp/mtp_device.c.obj
[842/953] Building C object esp-idf/espressif__tinyusb/CMakeFiles/__idf_espressif__tinyusb.dir/src/class/vendor/vendor_device.c.obj
[843/953] Building C object esp-idf/espressif__tinyusb/CMakeFiles/__idf_espressif__tinyusb.dir/src/class/printer/printer_device.c.obj
[844/953] Linking C static library esp-idf/xtensa/libxtensa.a
[845/953] Building C object esp-idf/espressif__tinyusb/CMakeFiles/__idf_espressif__tinyusb.dir/src/class/audio/audio_device.c.obj
[846/953] Building C object esp-idf/espressif__tinyusb/CMakeFiles/__idf_espressif__tinyusb.dir/src/class/video/video_device.c.obj
[847/953] Building C object esp-idf/espressif__tinyusb/CMakeFiles/__idf_espressif__tinyusb.dir/src/class/bth/bth_device.c.obj
[848/953] Building C object esp-idf/espressif__tinyusb/CMakeFiles/__idf_espressif__tinyusb.dir/src/class/usbtmc/usbtmc_device.c.obj
[849/953] Building C object esp-idf/espressif__tinyusb/CMakeFiles/__idf_espressif__tinyusb.dir/src/class/net/ecm_rndis_device.c.obj
[850/953] Linking C static library esp-idf/esp_hal_i2c/libesp_hal_i2c.a
[851/953] Building C object esp-idf/driver/CMakeFiles/__idf_driver.dir/twai/twai.c.obj
[852/953] Linking C static library esp-idf/esp_hal_i2s/libesp_hal_i2s.a
[853/953] Linking C static library esp-idf/esp_hal_twai/libesp_hal_twai.a
[854/953] Building C object esp-idf/espressif__tinyusb/CMakeFiles/__idf_espressif__tinyusb.dir/src/class/net/ncm_device.c.obj
[855/953] Linking C static library esp-idf/esp_driver_spi/libesp_driver_spi.a
[856/953] Building C object esp-idf/espressif__tinyusb/CMakeFiles/__idf_espressif__tinyusb.dir/src/class/dfu/dfu_device.c.obj
[857/953] Linking C static library esp-idf/esp_driver_i2c/libesp_driver_i2c.a
[858/953] Building C object esp-idf/espressif__tinyusb/CMakeFiles/__idf_espressif__tinyusb.dir/lib/networking/rndis_reports.c.obj
[859/953] Building C object esp-idf/espressif__tinyusb/CMakeFiles/__idf_espressif__tinyusb.dir/src/class/dfu/dfu_rt_device.c.obj
[860/953] Linking C static library esp-idf/esp_hal_lcd/libesp_hal_lcd.a
[861/953] Linking C static library esp-idf/esp_driver_i2s/libesp_driver_i2s.a
[862/953] Building C object esp-idf/driver/CMakeFiles/__idf_driver.dir/touch_sensor/esp32s3/touch_sensor.c.obj
[863/953] Building C object esp-idf/espressif__tinyusb/CMakeFiles/__idf_espressif__tinyusb.dir/src/class/msc/msc_device.c.obj
[864/953] Linking C static library esp-idf/waveshare__pcf85063a/libwaveshare__pcf85063a.a
[865/953] Building C object esp-idf/espressif__tinyusb/CMakeFiles/__idf_espressif__tinyusb.dir/src/portable/synopsys/dwc2/dwc2_common.c.obj
[866/953] Building CXX object esp-idf/main/CMakeFiles/__idf_main.dir/physical_touch.cpp.obj
[867/953] Building C object esp-idf/espressif__tinyusb/CMakeFiles/__idf_espressif__tinyusb.dir/src/tusb.c.obj
[868/953] Building C object esp-idf/espressif__tinyusb/CMakeFiles/__idf_espressif__tinyusb.dir/src/portable/synopsys/dwc2/dcd_dwc2.c.obj
[869/953] Building C object esp-idf/driver/CMakeFiles/__idf_driver.dir/i2c/i2c.c.obj
[870/953] Building CXX object esp-idf/main/CMakeFiles/__idf_main.dir/power_manager.cpp.obj
[871/953] Building C object esp-idf/espressif__tinyusb/CMakeFiles/__idf_espressif__tinyusb.dir/src/common/tusb_fifo.c.obj
[872/953] Linking C static library esp-idf/driver/libdriver.a
[873/953] Building C object esp-idf/espressif__tinyusb/CMakeFiles/__idf_espressif__tinyusb.dir/src/device/usbd.c.obj
[874/953] Building C object esp-idf/esp_lcd/CMakeFiles/__idf_esp_lcd.dir/rgb/esp_lcd_panel_rgb.c.obj
[875/953] Building CXX object esp-idf/main/CMakeFiles/__idf_main.dir/rtc_clock.cpp.obj
[876/953] Linking C static library esp-idf/espressif__tinyusb/libespressif__tinyusb.a
[877/953] Linking C static library esp-idf/esp_lcd/libesp_lcd.a
[878/953] Linking C static library esp-idf/espressif__esp_lcd_touch/libespressif__esp_lcd_touch.a
[879/953] Linking C static library esp-idf/espressif__esp_lcd_co5300/libespressif__esp_lcd_co5300.a
[880/953] Building CXX object esp-idf/main/CMakeFiles/__idf_main.dir/time_sync.cpp.obj
[881/953] Linking C static library esp-idf/espressif__esp_lcd_touch_cst816s/libespressif__esp_lcd_touch_cst816s.a
[882/953] Linking C static library esp-idf/espressif__esp_lcd_qemu_rgb/libespressif__esp_lcd_qemu_rgb.a
[883/953] Building CXX object esp-idf/main/CMakeFiles/__idf_main.dir/usb_export.cpp.obj
[884/953] Building CXX object esp-idf/main/CMakeFiles/__idf_main.dir/vector_v2/vector_v2_export.cpp.obj
[885/953] Building CXX object esp-idf/main/CMakeFiles/__idf_main.dir/vector_v2/svg_export_store.cpp.obj
[886/953] Building ASM object esp-idf/main/CMakeFiles/__idf_main.dir/vector_v2/panel_staging_esp32s3.S.obj
[887/953] Building ASM object esp-idf/main/CMakeFiles/__idf_main.dir/vector_v2/pixel_memory_esp32s3.S.obj
[888/953] Building ASM object esp-idf/main/CMakeFiles/__idf_main.dir/vector_v2/producer_fill_esp32s3.S.obj
[889/953] Building ASM object esp-idf/main/CMakeFiles/__idf_main.dir/vector_v2/settled_composite_esp32s3.S.obj
[890/953] Building ASM object esp-idf/main/CMakeFiles/__idf_main.dir/vector_v2/tile_publish_esp32s3.S.obj
[891/953] Building CXX object esp-idf/main/CMakeFiles/__idf_main.dir/vector_v2/vector_v2_autosave_store.cpp.obj
[892/953] Building ASM object esp-idf/main/CMakeFiles/__idf_main.dir/vector_v2/tile_uniform_esp32s3.S.obj
[893/953] Building CXX object esp-idf/main/CMakeFiles/__idf_main.dir/vector_v2/vector_v2_touch_sampler.cpp.obj
[894/953] Building CXX object esp-idf/main/CMakeFiles/__idf_main.dir/vector_v2/vector_v2_app_storage.cpp.obj
[895/953] Building CXX object esp-idf/main/CMakeFiles/__idf_main.dir/vector_v2/vector_v2_app_diagnostics.cpp.obj
[896/953] Building CXX object esp-idf/main/CMakeFiles/__idf_main.dir/co5300_panel_transport.cpp.obj
[897/953] Building CXX object esp-idf/main/CMakeFiles/__idf_main.dir/Users/sarah/Documents/Codex/2026-09-01/caffeinate-dims/work/tinydraw-pr-review.UrddkO/core/src/fat16_disk.cpp.obj
[898/953] Building CXX object esp-idf/main/CMakeFiles/__idf_main.dir/Users/sarah/Documents/Codex/2026-09-01/caffeinate-dims/work/tinydraw-pr-review.UrddkO/core/src/ink_stream.cpp.obj
[899/953] Building CXX object esp-idf/main/CMakeFiles/__idf_main.dir/vector_v2/vector_v2_live_stroke_session.cpp.obj
[900/953] Building CXX object esp-idf/main/CMakeFiles/__idf_main.dir/vector_v2/vector_v2_app_start.cpp.obj
[901/953] Building CXX object esp-idf/main/CMakeFiles/__idf_main.dir/Users/sarah/Documents/Codex/2026-09-01/caffeinate-dims/work/tinydraw-pr-review.UrddkO/core/src/png_encoder.cpp.obj
[902/953] Building CXX object esp-idf/main/CMakeFiles/__idf_main.dir/vector_v2/vector_v2_chrome_controller.cpp.obj
[903/953] Building CXX object esp-idf/main/CMakeFiles/__idf_main.dir/vector_v2/vector_v2_app.cpp.obj
[904/953] Building C object esp-idf/main/CMakeFiles/__idf_main.dir/Users/sarah/Documents/Codex/2026-09-01/caffeinate-dims/work/tinydraw-pr-review.UrddkO/third_party/pngenc/src/adler32.c.obj
[905/953] Building CXX object esp-idf/main/CMakeFiles/__idf_main.dir/Users/sarah/Documents/Codex/2026-09-01/caffeinate-dims/work/tinydraw-pr-review.UrddkO/core/src/coverage_tile.cpp.obj
[906/953] Building C object esp-idf/main/CMakeFiles/__idf_main.dir/Users/sarah/Documents/Codex/2026-09-01/caffeinate-dims/work/tinydraw-pr-review.UrddkO/third_party/pngenc/src/crc32.c.obj
[907/953] Building C object esp-idf/main/CMakeFiles/__idf_main.dir/Users/sarah/Documents/Codex/2026-09-01/caffeinate-dims/work/tinydraw-pr-review.UrddkO/third_party/pngenc/src/zutil.c.obj
[908/953] Building CXX object esp-idf/main/CMakeFiles/__idf_main.dir/Users/sarah/Documents/Codex/2026-09-01/caffeinate-dims/work/tinydraw-pr-review.UrddkO/third_party/pngenc/src/PNGenc.cpp.obj
[909/953] Building CXX object esp-idf/main/CMakeFiles/__idf_main.dir/Users/sarah/Documents/Codex/2026-09-01/caffeinate-dims/work/tinydraw-pr-review.UrddkO/core/src/vector_document.cpp.obj
[910/953] Building CXX object esp-idf/main/CMakeFiles/__idf_main.dir/vector_v2/vector_v2_background_pipeline.cpp.obj
[911/953] Building C object esp-idf/main/CMakeFiles/__idf_main.dir/Users/sarah/Documents/Codex/2026-09-01/caffeinate-dims/work/tinydraw-pr-review.UrddkO/third_party/pngenc/src/trees.c.obj
[912/953] Building CXX object esp-idf/main/CMakeFiles/__idf_main.dir/Users/sarah/Documents/Codex/2026-09-01/caffeinate-dims/work/tinydraw-pr-review.UrddkO/core/src/ribbon_renderer.cpp.obj
[913/953] Building CXX object esp-idf/main/CMakeFiles/__idf_main.dir/Users/sarah/Documents/Codex/2026-09-01/caffeinate-dims/work/tinydraw-pr-review.UrddkO/vector_v2/src/chained_operation_builder.cpp.obj
[914/953] Building C object esp-idf/main/CMakeFiles/__idf_main.dir/Users/sarah/Documents/Codex/2026-09-01/caffeinate-dims/work/tinydraw-pr-review.UrddkO/third_party/pngenc/src/deflate.c.obj
[915/953] Building CXX object esp-idf/main/CMakeFiles/__idf_main.dir/Users/sarah/Documents/Codex/2026-09-01/caffeinate-dims/work/tinydraw-pr-review.UrddkO/vector_v2/src/frame_scroller.cpp.obj
[916/953] Building CXX object esp-idf/main/CMakeFiles/__idf_main.dir/Users/sarah/Documents/Codex/2026-09-01/caffeinate-dims/work/tinydraw-pr-review.UrddkO/vector_v2/src/idle_repair.cpp.obj
[917/953] Building CXX object esp-idf/main/CMakeFiles/__idf_main.dir/Users/sarah/Documents/Codex/2026-09-01/caffeinate-dims/work/tinydraw-pr-review.UrddkO/vector_v2/src/demo_tape.cpp.obj
[918/953] Building CXX object esp-idf/main/CMakeFiles/__idf_main.dir/Users/sarah/Documents/Codex/2026-09-01/caffeinate-dims/work/tinydraw-pr-review.UrddkO/vector_v2/src/chrome_input.cpp.obj
[919/953] Building CXX object esp-idf/main/CMakeFiles/__idf_main.dir/vector_v2/vector_v2_presenter.cpp.obj
[920/953] Performing configure step for 'bootloader'
-- Found Git: /usr/bin/git (found version "2.54.0 (Apple Git-157)")
-- Minimal build - OFF
-- The C compiler identification is GNU 15.2.0
-- The CXX compiler identification is GNU 15.2.0
-- The ASM compiler identification is GNU
-- Found assembler: /Users/sarah/.espressif/tools/xtensa-esp-elf/esp-15.2.0_20251204/xtensa-esp-elf/bin/xtensa-esp32s3-elf-gcc
-- Detecting C compiler ABI info
-- Detecting C compiler ABI info - done
-- Check for working C compiler: /Users/sarah/.espressif/tools/xtensa-esp-elf/esp-15.2.0_20251204/xtensa-esp-elf/bin/xtensa-esp32s3-elf-gcc - skipped
-- Detecting C compile features
-- Detecting C compile features - done
-- Detecting CXX compiler ABI info
-- Detecting CXX compiler ABI info - done
-- Check for working CXX compiler: /Users/sarah/.espressif/tools/xtensa-esp-elf/esp-15.2.0_20251204/xtensa-esp-elf/bin/xtensa-esp32s3-elf-g++ - skipped
-- Detecting CXX compile features
-- Detecting CXX compile features - done
-- Building ESP-IDF components for target esp32s3
-- KCONFIG_REPORT_VERBOSITY not set, using default
-- Project sdkconfig file /Users/sarah/Documents/Codex/2026-09-01/caffeinate-dims/work/tinydraw-pr-review.UrddkO/out/build/esp32-vector-v2/sdkconfig
Default value for ESP_INT_WDT_TIMEOUT_MS in sdkconfig is 800 but it is 300 according to Kconfig.
Using default value from sdkconfig (800).
NOTE: Kconfig parser version: 1
NOTE: Kconfig defaults policy: use sdkconfig
NOTE: Status: Finished with notifications
NOTE: /Users/sarah/.espressif/v6.1/esp-idf/components/esp_system/Kconfig:281: ESP_INT_WDT_TIMEOUT_MS: Kconfig default value: 300, sdkconfig default value: 800
HINT: This area reports issues with default values of the config options.
For more information, please visit https://docs.espressif.com/projects/esp-idf-kconfig/en/latest/kconfiglib/configuration-report.html#default-value-mismatch
-- Compiler supported targets: xtensa-esp-elf
-- Detecting C compiler ABI info
-- Detecting C compiler ABI info - done
-- Detecting CXX compiler ABI info
-- Detecting CXX compiler ABI info - done
-- Detecting C compiler ABI info
-- Detecting C compiler ABI info - done
-- Detecting CXX compiler ABI info
-- Detecting CXX compiler ABI info - done
-- Adding linker script /Users/sarah/.espressif/v6.1/esp-idf/components/soc/esp32s3/ld/esp32s3.peripherals.ld
-- Adding linker script /Users/sarah/.espressif/v6.1/esp-idf/components/esp_hal_regi2c/esp32s3/rom.regi2c.ld
-- Bootloader project name: "bootloader" version: 1
-- Adding linker script /Users/sarah/.espressif/v6.1/esp-idf/components/esp_hal_wdt/esp32s3/rom.wdt.ld
-- Adding linker script /Users/sarah/.espressif/v6.1/esp-idf/components/esp_rom/esp32s3/ld/esp32s3.rom.ld
-- Adding linker script /Users/sarah/.espressif/v6.1/esp-idf/components/esp_rom/esp32s3/ld/esp32s3.rom.api.ld
-- Adding linker script /Users/sarah/.espressif/v6.1/esp-idf/components/esp_rom/esp32s3/ld/esp32s3.rom.bt_funcs.ld
-- Adding linker script /Users/sarah/.espressif/v6.1/esp-idf/components/esp_rom/esp32s3/ld/esp32s3.rom.libgcc.ld
-- Adding linker script /Users/sarah/.espressif/v6.1/esp-idf/components/esp_rom/esp32s3/ld/esp32s3.rom.version.ld
-- Adding linker script /Users/sarah/.espressif/v6.1/esp-idf/components/esp_rom/esp32s3/ld/esp32s3.rom.libc.ld
-- Components: bootloader bootloader_support efuse esp_app_format esp_blockdev esp_bootloader_format esp_common esp_hal_ana_conv esp_hal_clock esp_hal_dma esp_hal_gpio esp_hal_gpspi esp_hal_mspi esp_hal_pmu esp_hal_regi2c esp_hal_rtc_timer esp_hal_security esp_hal_systimer esp_hal_timg esp_hal_uart esp_hal_usb esp_hal_wdt esp_hw_support esp_libc esp_rom esp_security esp_stdio esp_system esptool_py freertos hal log main micro-ecc partition_table soc spi_flash xtensa
-- Component paths: /Users/sarah/.espressif/v6.1/esp-idf/components/bootloader /Users/sarah/.espressif/v6.1/esp-idf/components/bootloader_support /Users/sarah/.espressif/v6.1/esp-idf/components/efuse /Users/sarah/.espressif/v6.1/esp-idf/components/esp_app_format /Users/sarah/.espressif/v6.1/esp-idf/components/esp_blockdev /Users/sarah/.espressif/v6.1/esp-idf/components/esp_bootloader_format /Users/sarah/.espressif/v6.1/esp-idf/components/esp_common /Users/sarah/.espressif/v6.1/esp-idf/components/esp_hal_ana_conv /Users/sarah/.espressif/v6.1/esp-idf/components/esp_hal_clock /Users/sarah/.espressif/v6.1/esp-idf/components/esp_hal_dma /Users/sarah/.espressif/v6.1/esp-idf/components/esp_hal_gpio /Users/sarah/.espressif/v6.1/esp-idf/components/esp_hal_gpspi /Users/sarah/.espressif/v6.1/esp-idf/components/esp_hal_mspi /Users/sarah/.espressif/v6.1/esp-idf/components/esp_hal_pmu /Users/sarah/.espressif/v6.1/esp-idf/components/esp_hal_regi2c /Users/sarah/.espressif/v6.1/esp-idf/components/esp_hal_rtc_timer /Users/sarah/.espressif/v6.1/esp-idf/components/esp_hal_security /Users/sarah/.espressif/v6.1/esp-idf/components/esp_hal_systimer /Users/sarah/.espressif/v6.1/esp-idf/components/esp_hal_timg /Users/sarah/.espressif/v6.1/esp-idf/components/esp_hal_uart /Users/sarah/.espressif/v6.1/esp-idf/components/esp_hal_usb /Users/sarah/.espressif/v6.1/esp-idf/components/esp_hal_wdt /Users/sarah/.espressif/v6.1/esp-idf/components/esp_hw_support /Users/sarah/.espressif/v6.1/esp-idf/components/esp_libc /Users/sarah/.espressif/v6.1/esp-idf/components/esp_rom /Users/sarah/.espressif/v6.1/esp-idf/components/esp_security /Users/sarah/.espressif/v6.1/esp-idf/components/esp_stdio /Users/sarah/.espressif/v6.1/esp-idf/components/esp_system /Users/sarah/.espressif/v6.1/esp-idf/components/esptool_py /Users/sarah/.espressif/v6.1/esp-idf/components/freertos /Users/sarah/.espressif/v6.1/esp-idf/components/hal /Users/sarah/.espressif/v6.1/esp-idf/components/log /Users/sarah/.espressif/v6.1/esp-idf/components/bootloader/subproject/main /Users/sarah/.espressif/v6.1/esp-idf/components/bootloader/subproject/components/micro-ecc /Users/sarah/.espressif/v6.1/esp-idf/components/partition_table /Users/sarah/.espressif/v6.1/esp-idf/components/soc /Users/sarah/.espressif/v6.1/esp-idf/components/spi_flash /Users/sarah/.espressif/v6.1/esp-idf/components/xtensa
-- Adding linker script /Users/sarah/.espressif/v6.1/esp-idf/components/bootloader/subproject/main/ld/esp32s3/bootloader.memory.ld.in
--   -> Preprocessing .in script: /Users/sarah/.espressif/v6.1/esp-idf/components/bootloader/subproject/main/ld/esp32s3/bootloader.memory.ld.in
-- Adding linker script /Users/sarah/.espressif/v6.1/esp-idf/components/bootloader/subproject/main/ld/esp32s3/bootloader.sections.ld.in
--   -> Preprocessing .in script: /Users/sarah/.espressif/v6.1/esp-idf/components/bootloader/subproject/main/ld/esp32s3/bootloader.sections.ld.in
-- Configuring done (7.6s)
-- Generating done (0.2s)
-- Build files have been written to: /Users/sarah/Documents/Codex/2026-09-01/caffeinate-dims/work/tinydraw-pr-review.UrddkO/out/build/esp32-vector-v2/bootloader
[921/953] Building CXX object esp-idf/main/CMakeFiles/__idf_main.dir/vector_v2/vector_v2_presenter_staging.cpp.obj
[922/953] Building CXX object esp-idf/main/CMakeFiles/__idf_main.dir/Users/sarah/Documents/Codex/2026-09-01/caffeinate-dims/work/tinydraw-pr-review.UrddkO/vector_v2/src/authority_journal.cpp.obj
[923/953] Building CXX object esp-idf/main/CMakeFiles/__idf_main.dir/Users/sarah/Documents/Codex/2026-09-01/caffeinate-dims/work/tinydraw-pr-review.UrddkO/core/src/ribbon_geometry.cpp.obj
[924/953] Building CXX object esp-idf/main/CMakeFiles/__idf_main.dir/Users/sarah/Documents/Codex/2026-09-01/caffeinate-dims/work/tinydraw-pr-review.UrddkO/vector_v2/src/materialized_canvas_staging.cpp.obj
[925/953] Building CXX object esp-idf/main/CMakeFiles/__idf_main.dir/Users/sarah/Documents/Codex/2026-09-01/caffeinate-dims/work/tinydraw-pr-review.UrddkO/vector_v2/src/incremental_document_replay.cpp.obj
[926/953] Building CXX object esp-idf/main/CMakeFiles/__idf_main.dir/Users/sarah/Documents/Codex/2026-09-01/caffeinate-dims/work/tinydraw-pr-review.UrddkO/vector_v2/src/materialized_canvas_composition.cpp.obj
[927/953] Building CXX object esp-idf/main/CMakeFiles/__idf_main.dir/Users/sarah/Documents/Codex/2026-09-01/caffeinate-dims/work/tinydraw-pr-review.UrddkO/vector_v2/src/incremental_document.cpp.obj
[928/953] Building CXX object esp-idf/main/CMakeFiles/__idf_main.dir/Users/sarah/Documents/Codex/2026-09-01/caffeinate-dims/work/tinydraw-pr-review.UrddkO/vector_v2/src/navigation_state.cpp.obj
[929/953] Building CXX object esp-idf/main/CMakeFiles/__idf_main.dir/Users/sarah/Documents/Codex/2026-09-01/caffeinate-dims/work/tinydraw-pr-review.UrddkO/vector_v2/src/operation.cpp.obj
[930/953] Building CXX object esp-idf/main/CMakeFiles/__idf_main.dir/Users/sarah/Documents/Codex/2026-09-01/caffeinate-dims/work/tinydraw-pr-review.UrddkO/vector_v2/src/incremental_document_absorption.cpp.obj
[931/953] Building CXX object esp-idf/main/CMakeFiles/__idf_main.dir/Users/sarah/Documents/Codex/2026-09-01/caffeinate-dims/work/tinydraw-pr-review.UrddkO/vector_v2/src/incremental_rasterizer_operations.cpp.obj
[932/953] Building CXX object esp-idf/main/CMakeFiles/__idf_main.dir/Users/sarah/Documents/Codex/2026-09-01/caffeinate-dims/work/tinydraw-pr-review.UrddkO/vector_v2/src/operation_builder.cpp.obj
[933/953] Building CXX object esp-idf/main/CMakeFiles/__idf_main.dir/Users/sarah/Documents/Codex/2026-09-01/caffeinate-dims/work/tinydraw-pr-review.UrddkO/vector_v2/src/incremental_rasterizer.cpp.obj
[934/953] Building CXX object esp-idf/main/CMakeFiles/__idf_main.dir/Users/sarah/Documents/Codex/2026-09-01/caffeinate-dims/work/tinydraw-pr-review.UrddkO/vector_v2/src/tile_uniform.cpp.obj
[935/953] Building CXX object esp-idf/main/CMakeFiles/__idf_main.dir/Users/sarah/Documents/Codex/2026-09-01/caffeinate-dims/work/tinydraw-pr-review.UrddkO/vector_v2/src/touch_event_buffer.cpp.obj
[936/953] Building CXX object esp-idf/main/CMakeFiles/__idf_main.dir/Users/sarah/Documents/Codex/2026-09-01/caffeinate-dims/work/tinydraw-pr-review.UrddkO/vector_v2/src/materialized_canvas_cache.cpp.obj
[937/953] Building CXX object esp-idf/main/CMakeFiles/__idf_main.dir/Users/sarah/Documents/Codex/2026-09-01/caffeinate-dims/work/tinydraw-pr-review.UrddkO/vector_v2/src/operation_spatial_index.cpp.obj
[938/953] Building CXX object esp-idf/main/CMakeFiles/__idf_main.dir/Users/sarah/Documents/Codex/2026-09-01/caffeinate-dims/work/tinydraw-pr-review.UrddkO/vector_v2/src/materialized_canvas.cpp.obj
[939/953] Building CXX object esp-idf/main/CMakeFiles/__idf_main.dir/Users/sarah/Documents/Codex/2026-09-01/caffeinate-dims/work/tinydraw-pr-review.UrddkO/vector_v2/src/world_export.cpp.obj
[940/953] Building CXX object esp-idf/main/CMakeFiles/__idf_main.dir/Users/sarah/Documents/Codex/2026-09-01/caffeinate-dims/work/tinydraw-pr-review.UrddkO/vector_v2/src/operation_log.cpp.obj
[941/953] Building CXX object esp-idf/main/CMakeFiles/__idf_main.dir/Users/sarah/Documents/Codex/2026-09-01/caffeinate-dims/work/tinydraw-pr-review.UrddkO/vector_v2/src/svg_export.cpp.obj
[942/953] Building CXX object esp-idf/main/CMakeFiles/__idf_main.dir/Users/sarah/Documents/Codex/2026-09-01/caffeinate-dims/work/tinydraw-pr-review.UrddkO/vector_v2/src/tile_producer.cpp.obj
[943/953] Building CXX object esp-idf/main/CMakeFiles/__idf_main.dir/Users/sarah/Documents/Codex/2026-09-01/caffeinate-dims/work/tinydraw-pr-review.UrddkO/vector_v2/src/chrome.cpp.obj
[944/953] Building CXX object esp-idf/main/CMakeFiles/__idf_main.dir/Users/sarah/Documents/Codex/2026-09-01/caffeinate-dims/work/tinydraw-pr-review.UrddkO/vector_v2/src/settled_tile.cpp.obj
[945/953] Linking C static library esp-idf/main/libmain.a
[946/953] Performing build step for 'bootloader'
[1/158] Building C object esp-idf/log/CMakeFiles/__idf_log.dir/src/util.c.obj
[2/158] Building C object esp-idf/log/CMakeFiles/__idf_log.dir/src/noos/util.c.obj
[3/158] Building C object esp-idf/log/CMakeFiles/__idf_log.dir/src/log_format_text.c.obj
[4/158] Building C object esp-idf/log/CMakeFiles/__idf_log.dir/src/noos/log_lock.c.obj
[5/158] Building C object esp-idf/log/CMakeFiles/__idf_log.dir/src/buffer/log_buffers.c.obj
[6/158] Building C object esp-idf/log/CMakeFiles/__idf_log.dir/src/log_timestamp_common.c.obj
[7/158] Building C object esp-idf/esp_rom/CMakeFiles/__idf_esp_rom.dir/patches/esp_rom_crc.c.obj
[8/158] Building C object esp-idf/log/CMakeFiles/__idf_log.dir/src/log_print.c.obj
[9/158] Building C object esp-idf/log/CMakeFiles/__idf_log.dir/src/noos/log_timestamp.c.obj
[10/158] Building C object esp-idf/log/CMakeFiles/__idf_log.dir/src/log.c.obj
[11/158] Building C object esp-idf/esp_rom/CMakeFiles/__idf_esp_rom.dir/patches/esp_rom_sys.c.obj
[12/158] Building C object esp-idf/esp_rom/CMakeFiles/__idf_esp_rom.dir/patches/esp_rom_serial_output.c.obj
[13/158] Building ASM object esp-idf/esp_rom/CMakeFiles/__idf_esp_rom.dir/patches/esp_rom_longjmp.S.obj
[14/158] Building C object esp-idf/esp_rom/CMakeFiles/__idf_esp_rom.dir/patches/esp_rom_gpio.c.obj
[15/158] Building ASM object esp-idf/esp_rom/CMakeFiles/__idf_esp_rom.dir/patches/esp_rom_cache_writeback_esp32s3.S.obj
[16/158] Building C object esp-idf/esp_rom/CMakeFiles/__idf_esp_rom.dir/patches/esp_rom_print.c.obj
[17/158] Building C object esp-idf/esp_rom/CMakeFiles/__idf_esp_rom.dir/patches/esp_rom_efuse.c.obj
[18/158] Building C object esp-idf/esp_rom/CMakeFiles/__idf_esp_rom.dir/patches/esp_rom_spiflash.c.obj
[19/158] Building C object esp-idf/esp_rom/CMakeFiles/__idf_esp_rom.dir/patches/esp_rom_cache_esp32s2_esp32s3.c.obj
[20/158] Building C object esp-idf/esp_common/CMakeFiles/__idf_esp_common.dir/src/esp_err_to_name.c.obj
[21/158] Building C object esp-idf/esp_hw_support/CMakeFiles/__idf_esp_hw_support.dir/cpu.c.obj
[22/158] Building C object esp-idf/esp_hw_support/CMakeFiles/__idf_esp_hw_support.dir/port/esp32s3/esp_cpu_intr.c.obj
[23/158] Building C object esp-idf/esp_hw_support/CMakeFiles/__idf_esp_hw_support.dir/port/esp32s3/cpu_region_protect.c.obj
[24/158] Linking C static library esp-idf/log/liblog.a
[25/158] Building C object esp-idf/esp_hw_support/CMakeFiles/__idf_esp_hw_support.dir/esp_memory_utils.c.obj
[26/158] Building C object esp-idf/esp_hw_support/CMakeFiles/__idf_esp_hw_support.dir/port/esp32s3/rtc_clk_init.c.obj
[27/158] Building C object esp-idf/esp_hw_support/CMakeFiles/__idf_esp_hw_support.dir/port/esp32s3/chip_info.c.obj
[28/158] Building C object esp-idf/efuse/CMakeFiles/__idf_efuse.dir/esp32s3/esp_efuse_table.c.obj
[29/158] Building C object esp-idf/efuse/CMakeFiles/__idf_efuse.dir/esp32s3/esp_efuse_fields.c.obj
[30/158] Building C object esp-idf/esp_system/CMakeFiles/__idf_esp_system.dir/esp_err.c.obj
[31/158] Building C object esp-idf/esp_hal_systimer/CMakeFiles/__idf_esp_hal_systimer.dir/systimer_hal.c.obj
[32/158] Linking C static library esp-idf/esp_rom/libesp_rom.a
[33/158] Building C object esp-idf/efuse/CMakeFiles/__idf_efuse.dir/esp32s3/esp_efuse_rtc_calib.c.obj
[34/158] Building C object esp-idf/efuse/CMakeFiles/__idf_efuse.dir/esp32s3/esp_efuse_utility.c.obj
[35/158] Building C object esp-idf/esp_hw_support/CMakeFiles/__idf_esp_hw_support.dir/port/esp32s3/rtc_time.c.obj
[36/158] Building C object esp-idf/esp_hw_support/CMakeFiles/__idf_esp_hw_support.dir/port/esp32s3/rtc_init.c.obj
[37/158] Building C object esp-idf/efuse/CMakeFiles/__idf_efuse.dir/src/esp_efuse_fields.c.obj
[38/158] Linking C static library esp-idf/esp_common/libesp_common.a
[39/158] Building C object esp-idf/esp_hw_support/CMakeFiles/__idf_esp_hw_support.dir/port/esp32s3/rtc_sleep.c.obj
[40/158] Building C object esp-idf/bootloader_support/CMakeFiles/__idf_bootloader_support.dir/src/bootloader_mem.c.obj
[41/158] Building C object esp-idf/bootloader_support/CMakeFiles/__idf_bootloader_support.dir/src/bootloader_clock_init.c.obj
[42/158] Building C object esp-idf/efuse/CMakeFiles/__idf_efuse.dir/src/esp_efuse_api.c.obj
[43/158] Building C object esp-idf/bootloader_support/CMakeFiles/__idf_bootloader_support.dir/src/bootloader_random.c.obj
[44/158] Building C object esp-idf/esp_hw_support/CMakeFiles/__idf_esp_hw_support.dir/port/esp32s3/rtc_clk.c.obj
[45/158] Building C object esp-idf/bootloader_support/CMakeFiles/__idf_bootloader_support.dir/src/secure_boot.c.obj
[46/158] Building C object esp-idf/bootloader_support/CMakeFiles/__idf_bootloader_support.dir/src/bootloader_efuse.c.obj
[47/158] Building C object esp-idf/efuse/CMakeFiles/__idf_efuse.dir/src/efuse_controller/keys/with_key_purposes/esp_efuse_api_key.c.obj
[48/158] Building C object esp-idf/bootloader_support/CMakeFiles/__idf_bootloader_support.dir/src/bootloader_common.c.obj
[49/158] Building C object esp-idf/bootloader_support/CMakeFiles/__idf_bootloader_support.dir/src/bootloader_common_loader.c.obj
[50/158] Building C object esp-idf/bootloader_support/CMakeFiles/__idf_bootloader_support.dir/src/bootloader_random_esp32s3.c.obj
[51/158] Building C object esp-idf/bootloader_support/CMakeFiles/__idf_bootloader_support.dir/src/flash_encrypt.c.obj
[52/158] Building C object esp-idf/bootloader_support/CMakeFiles/__idf_bootloader_support.dir/bootloader_flash/src/flash_qio_mode.c.obj
[53/158] Building C object esp-idf/efuse/CMakeFiles/__idf_efuse.dir/src/esp_efuse_utility.c.obj
[54/158] Building C object esp-idf/bootloader_support/CMakeFiles/__idf_bootloader_support.dir/src/flash_partitions.c.obj
[55/158] Building C object esp-idf/bootloader_support/CMakeFiles/__idf_bootloader_support.dir/bootloader_flash/src/bootloader_flash_config_esp32s3.c.obj
[56/158] Linking C static library esp-idf/esp_hw_support/libesp_hw_support.a
[57/158] Building C object esp-idf/bootloader_support/CMakeFiles/__idf_bootloader_support.dir/src/bootloader_reset_common.c.obj
[58/158] Building C object esp-idf/bootloader_support/CMakeFiles/__idf_bootloader_support.dir/src/bootloader_sha.c.obj
[59/158] Building C object esp-idf/bootloader_support/CMakeFiles/__idf_bootloader_support.dir/src/bootloader_clock_loader.c.obj
[60/158] Building C object esp-idf/bootloader_support/CMakeFiles/__idf_bootloader_support.dir/src/bootloader_console_loader.c.obj
[61/158] Building C object esp-idf/bootloader_support/CMakeFiles/__idf_bootloader_support.dir/src/bootloader_console.c.obj
[62/158] Building C object esp-idf/bootloader_support/CMakeFiles/__idf_bootloader_support.dir/src/esp32s3/bootloader_soc.c.obj
[63/158] Building C object esp-idf/esp_security/CMakeFiles/__idf_esp_security.dir/src/esp_crypto_lock.c.obj
[64/158] Linking C static library esp-idf/esp_system/libesp_system.a
[65/158] Building C object esp-idf/bootloader_support/CMakeFiles/__idf_bootloader_support.dir/src/bootloader_panic.c.obj
[66/158] Building C object esp-idf/esp_security/CMakeFiles/__idf_esp_security.dir/src/esp32s3/esp_crypto_clk.c.obj
[67/158] Building C object esp-idf/esp_hal_security/CMakeFiles/__idf_esp_hal_security.dir/mpu_hal.c.obj
[68/158] Building C object esp-idf/esp_hal_ana_conv/CMakeFiles/__idf_esp_hal_ana_conv.dir/esp32s3/adc_periph.c.obj
[69/158] Building C object esp-idf/esp_security/CMakeFiles/__idf_esp_security.dir/src/esp_crypto_periph_clk.c.obj
[70/158] Building C object esp-idf/bootloader_support/CMakeFiles/__idf_bootloader_support.dir/src/esp32s3/bootloader_esp32s3.c.obj
[71/158] Building C object esp-idf/bootloader_support/CMakeFiles/__idf_bootloader_support.dir/src/bootloader_init.c.obj
[72/158] Building C object esp-idf/bootloader_support/CMakeFiles/__idf_bootloader_support.dir/bootloader_flash/src/bootloader_flash.c.obj
[73/158] Linking C static library esp-idf/esp_hal_systimer/libesp_hal_systimer.a
[74/158] Building C object esp-idf/esp_hal_wdt/CMakeFiles/__idf_esp_hal_wdt.dir/esp32s3/mwdt_periph.c.obj
[75/158] Building C object esp-idf/esp_hal_ana_conv/CMakeFiles/__idf_esp_hal_ana_conv.dir/esp32s3/temperature_sensor_periph.c.obj
[76/158] Building C object esp-idf/esp_hal_wdt/CMakeFiles/__idf_esp_hal_wdt.dir/rom_patch.c.obj
[77/158] Building C object esp-idf/esp_hal_ana_conv/CMakeFiles/__idf_esp_hal_ana_conv.dir/adc_oneshot_hal.c.obj
[78/158] Building C object esp-idf/esp_hal_timg/CMakeFiles/__idf_esp_hal_timg.dir/timer_hal.c.obj
[79/158] Building C object esp-idf/esp_hal_wdt/CMakeFiles/__idf_esp_hal_wdt.dir/xt_wdt_hal.c.obj
[80/158] Building C object esp-idf/esp_hal_timg/CMakeFiles/__idf_esp_hal_timg.dir/esp32s3/timer_periph.c.obj
[81/158] Building C object esp-idf/esp_bootloader_format/CMakeFiles/__idf_esp_bootloader_format.dir/esp_bootloader_desc.c.obj
[82/158] Building C object esp-idf/esp_hal_ana_conv/CMakeFiles/__idf_esp_hal_ana_conv.dir/temperature_sensor_hal.c.obj
[83/158] Linking C static library esp-idf/efuse/libefuse.a
[84/158] Building C object esp-idf/esp_hal_ana_conv/CMakeFiles/__idf_esp_hal_ana_conv.dir/adc_hal_common.c.obj
[85/158] Building C object esp-idf/esp_hal_ana_conv/CMakeFiles/__idf_esp_hal_ana_conv.dir/adc_hal.c.obj
[86/158] Building C object esp-idf/bootloader_support/CMakeFiles/__idf_bootloader_support.dir/src/bootloader_utility.c.obj
[87/158] Building C object esp-idf/esp_hal_mspi/CMakeFiles/__idf_esp_hal_mspi.dir/esp32s3/mspi_periph.c.obj
[88/158] Building C object esp-idf/spi_flash/CMakeFiles/__idf_spi_flash.dir/spi_flash_wrap.c.obj
[89/158] Building C object esp-idf/esp_hal_gpspi/CMakeFiles/__idf_esp_hal_gpspi.dir/esp32s3/spi_periph.c.obj
[90/158] Building C object esp-idf/esp_hal_clock/CMakeFiles/__idf_esp_hal_clock.dir/esp32s3/clk_tree_hal.c.obj
[91/158] Building C object esp-idf/esp_hal_dma/CMakeFiles/__idf_esp_hal_dma.dir/esp32s3/gdma_periph.c.obj
[92/158] Building C object esp-idf/esp_hal_gpspi/CMakeFiles/__idf_esp_hal_gpspi.dir/spi_hal.c.obj
[93/158] Building C object esp-idf/esp_hal_gpspi/CMakeFiles/__idf_esp_hal_gpspi.dir/spi_slave_hal.c.obj
[94/158] Building C object esp-idf/esp_hal_uart/CMakeFiles/__idf_esp_hal_uart.dir/esp32s3/uart_periph.c.obj
[95/158] Building C object esp-idf/esp_hal_dma/CMakeFiles/__idf_esp_hal_dma.dir/gdma_hal_top.c.obj
[96/158] Building C object esp-idf/esp_hal_uart/CMakeFiles/__idf_esp_hal_uart.dir/uart_hal_iram.c.obj
[97/158] Building C object esp-idf/esp_hal_uart/CMakeFiles/__idf_esp_hal_uart.dir/uhci_hal.c.obj
[98/158] Building C object esp-idf/esp_hal_pmu/CMakeFiles/__idf_esp_hal_pmu.dir/brownout_hal.c.obj
[99/158] Building C object esp-idf/esp_hal_gpspi/CMakeFiles/__idf_esp_hal_gpspi.dir/spi_slave_hal_iram.c.obj
[100/158] Building C object esp-idf/bootloader_support/CMakeFiles/__idf_bootloader_support.dir/src/esp_image_format.c.obj
[101/158] Building C object esp-idf/esp_hal_usb/CMakeFiles/__idf_esp_hal_usb.dir/esp32s3/usb_dwc_periph.c.obj
[102/158] Building C object esp-idf/esp_hal_dma/CMakeFiles/__idf_esp_hal_dma.dir/gdma_hal_ahb_v1.c.obj
[103/158] Building C object esp-idf/esp_hal_usb/CMakeFiles/__idf_esp_hal_usb.dir/usb_wrap_hal.c.obj
[104/158] Building C object esp-idf/esp_hal_pmu/CMakeFiles/__idf_esp_hal_pmu.dir/esp32s3/rtc_cntl_hal.c.obj
[105/158] Building C object esp-idf/esp_hal_usb/CMakeFiles/__idf_esp_hal_usb.dir/usb_serial_jtag_hal.c.obj
[106/158] Building C object esp-idf/esp_hal_gpio/CMakeFiles/__idf_esp_hal_gpio.dir/esp32s3/rtc_io_periph.c.obj
[107/158] Building C object esp-idf/esp_hal_uart/CMakeFiles/__idf_esp_hal_uart.dir/uart_hal.c.obj
[108/158] Building C object esp-idf/esp_hal_gpio/CMakeFiles/__idf_esp_hal_gpio.dir/esp32s3/dedic_gpio_periph.c.obj
[109/158] Building C object esp-idf/esp_hal_gpio/CMakeFiles/__idf_esp_hal_gpio.dir/esp32s3/sdm_periph.c.obj
[110/158] Building C object esp-idf/esp_hal_gpio/CMakeFiles/__idf_esp_hal_gpio.dir/sdm_hal.c.obj
[111/158] Linking C static library esp-idf/bootloader_support/libbootloader_support.a
[112/158] Building C object esp-idf/esp_hal_gpio/CMakeFiles/__idf_esp_hal_gpio.dir/gpio_hal.c.obj
[113/158] Building C object esp-idf/esp_hal_gpio/CMakeFiles/__idf_esp_hal_gpio.dir/rtc_io_hal.c.obj
[114/158] Building C object esp-idf/hal/CMakeFiles/__idf_hal.dir/esp32s3/efuse_hal.c.obj
[115/158] Building C object esp-idf/hal/CMakeFiles/__idf_hal.dir/hal_utils.c.obj
[116/158] Building C object esp-idf/soc/CMakeFiles/__idf_soc.dir/lldesc.c.obj
[117/158] Building C object esp-idf/hal/CMakeFiles/__idf_hal.dir/efuse_hal.c.obj
[118/158] Linking C static library esp-idf/esp_security/libesp_security.a
[119/158] Building C object esp-idf/soc/CMakeFiles/__idf_soc.dir/dport_access_common.c.obj
[120/158] Building C object esp-idf/hal/CMakeFiles/__idf_hal.dir/mmu_hal.c.obj
[121/158] Building C object esp-idf/esp_hal_gpspi/CMakeFiles/__idf_esp_hal_gpspi.dir/spi_slave_hd_hal.c.obj
[122/158] Building C object esp-idf/esp_hal_gpspi/CMakeFiles/__idf_esp_hal_gpspi.dir/spi_hal_iram.c.obj
[123/158] Building C object esp-idf/esp_hal_usb/CMakeFiles/__idf_esp_hal_usb.dir/usb_dwc_hal.c.obj
[124/158] Building C object esp-idf/soc/CMakeFiles/__idf_soc.dir/esp32s3/power_supply_periph.c.obj
[125/158] Building C object esp-idf/soc/CMakeFiles/__idf_soc.dir/esp32s3/interrupts.c.obj
[126/158] Building C object esp-idf/soc/CMakeFiles/__idf_soc.dir/esp32s3/gpio_periph.c.obj
[127/158] Building C object esp-idf/soc/CMakeFiles/__idf_soc.dir/esp32s3/mpi_periph.c.obj
[128/158] Preprocessing linker script /Users/sarah/.espressif/v6.1/esp-idf/components/bootloader/subproject/main/ld/esp32s3/bootloader.sections.ld.in -> /Users/sarah/Documents/Codex/2026-09-01/caffeinate-dims/work/tinydraw-pr-review.UrddkO/out/build/esp32-vector-v2/bootloader/ld/bootloader.sections.ld
[129/158] Preprocessing linker script /Users/sarah/.espressif/v6.1/esp-idf/components/bootloader/subproject/main/ld/esp32s3/bootloader.memory.ld.in -> /Users/sarah/Documents/Codex/2026-09-01/caffeinate-dims/work/tinydraw-pr-review.UrddkO/out/build/esp32-vector-v2/bootloader/ld/bootloader.memory.ld
[130/158] Generating project_elf_src_esp32s3.c
[131/158] Building C object esp-idf/xtensa/CMakeFiles/__idf_xtensa.dir/eri.c.obj
[132/158] Linking C static library esp-idf/esp_hal_security/libesp_hal_security.a
[133/158] Building C object esp-idf/hal/CMakeFiles/__idf_hal.dir/cache_hal.c.obj
[134/158] Building C object esp-idf/xtensa/CMakeFiles/__idf_xtensa.dir/xt_trax.c.obj
[135/158] Building C object CMakeFiles/bootloader.elf.dir/project_elf_src_esp32s3.c.obj
[136/158] Building C object esp-idf/main/CMakeFiles/__idf_main.dir/bootloader_start.c.obj
[137/158] Linking C static library esp-idf/esp_hal_ana_conv/libesp_hal_ana_conv.a
[138/158] Linking C static library esp-idf/esp_hal_wdt/libesp_hal_wdt.a
[139/158] Linking C static library esp-idf/esp_hal_timg/libesp_hal_timg.a
[140/158] Building C object esp-idf/micro-ecc/CMakeFiles/__idf_micro-ecc.dir/uECC_verify_antifault.c.obj
[141/158] Linking C static library esp-idf/micro-ecc/libmicro-ecc.a
[142/158] Linking C static library esp-idf/esp_bootloader_format/libesp_bootloader_format.a
[143/158] Linking C static library esp-idf/spi_flash/libspi_flash.a
[144/158] Linking C static library esp-idf/esp_hal_mspi/libesp_hal_mspi.a
[145/158] Linking C static library esp-idf/esp_hal_clock/libesp_hal_clock.a
[146/158] Linking C static library esp-idf/esp_hal_gpspi/libesp_hal_gpspi.a
[147/158] Linking C static library esp-idf/esp_hal_dma/libesp_hal_dma.a
[148/158] Linking C static library esp-idf/esp_hal_uart/libesp_hal_uart.a
[149/158] Linking C static library esp-idf/esp_hal_pmu/libesp_hal_pmu.a
[150/158] Linking C static library esp-idf/esp_hal_usb/libesp_hal_usb.a
[151/158] Linking C static library esp-idf/esp_hal_gpio/libesp_hal_gpio.a
[152/158] Linking C static library esp-idf/hal/libhal.a
[153/158] Linking C static library esp-idf/soc/libsoc.a
[154/158] Linking C static library esp-idf/xtensa/libxtensa.a
[155/158] Linking C static library esp-idf/main/libmain.a
[156/158] Linking C executable bootloader.elf
[157/158] Generating binary image from built executable
esptool v5.3.1
Creating ESP32-S3 image...
Merged 2 ELF sections.
Successfully created ESP32-S3 image.
Generated /Users/sarah/Documents/Codex/2026-09-01/caffeinate-dims/work/tinydraw-pr-review.UrddkO/out/build/esp32-vector-v2/bootloader/bootloader.bin
[158/158] cd /Users/sarah/Documents/Codex/2026-09-01/caffeinate-dims/work/tinydraw-pr-review.UrddkO/out/build/esp32-vector-v2/bootloader && /Users/sarah/.espressif/tools/python/v6.1/venv/bin/python /Users/sarah/.espressif/v6.1/esp-idf/components/partition_table/check_sizes.py --offset 0x8000 bootloader 0x0 /Users/sarah/Documents/Codex/2026-09-01/caffeinate-dims/work/tinydraw-pr-review.UrddkO/out/build/esp32-vector-v2/bootloader/bootloader.bin
Bootloader binary size 0x5820 bytes. 0x27e0 bytes (31%) free.
[947/953] No install step for 'bootloader'
[948/953] Completed 'bootloader'
[949/953] Generating esp-idf/esp_system/ld/sections.ld
[950/953] Building C object CMakeFiles/tinydraw_esp32.elf.dir/project_elf_src_esp32s3.c.obj
[951/953] Linking CXX executable tinydraw_esp32.elf
[952/953] Generating binary image from built executable
esptool v5.3.1
Creating ESP32-S3 image...
Merged 3 ELF sections.
Successfully created ESP32-S3 image.
Generated /Users/sarah/Documents/Codex/2026-09-01/caffeinate-dims/work/tinydraw-pr-review.UrddkO/out/build/esp32-vector-v2/tinydraw_esp32.bin
[953/953] cd /Users/sarah/Documents/Codex/2026-09-01/caffeinate-dims/work/tinydraw-pr-review.UrddkO/out/build/esp32-vector-v2 && /Users/sarah/.espressif/tools/python/v6.1/venv/bin/python /Users/sarah/.espressif/v6.1/esp-idf/components/partition_table/check_sizes.py --offset 0x8000 partition --type app /Users/sarah/Documents/Codex/2026-09-01/caffeinate-dims/work/tinydraw-pr-review.UrddkO/out/build/esp32-vector-v2/partition_table/partition-table.bin /Users/sarah/Documents/Codex/2026-09-01/caffeinate-dims/work/tinydraw-pr-review.UrddkO/out/build/esp32-vector-v2/tinydraw_esp32.bin
tinydraw_esp32.bin binary size 0x7b570 bytes. Smallest app partition is 0x1c0000 bytes. 0x144a90 bytes (72%) free.
Executing action: all (aliases: build)
Running cmake in directory /Users/sarah/Documents/Codex/2026-09-01/caffeinate-dims/work/tinydraw-pr-review.UrddkO/out/build/esp32-vector-v2
Executing "cmake -G Ninja -B /Users/sarah/Documents/Codex/2026-09-01/caffeinate-dims/work/tinydraw-pr-review.UrddkO/out/build/esp32-vector-v2 -DPYTHON_DEPS_CHECKED=1 -DPYTHON=/Users/sarah/.espressif/tools/python/v6.1/venv/bin/python -DESP_PLATFORM=1 -DTINYDRAW_FIRMWARE_VARIANT=product -DCCACHE_ENABLE=False /Users/sarah/Documents/Codex/2026-09-01/caffeinate-dims/work/tinydraw-pr-review.UrddkO/esp32"...
Running ninja in directory /Users/sarah/Documents/Codex/2026-09-01/caffeinate-dims/work/tinydraw-pr-review.UrddkO/out/build/esp32-vector-v2
Executing "ninja all"...

Project build complete. To flash, run:
 idf.py flash
or
 idf.py -p PORT flash
or
 python -m esptool --chip esp32s3 -b 460800 --before default-reset --after hard-reset write-flash --flash-mode dio --flash-size 16MB --flash-freq 80m 0x0 ../out/build/esp32-vector-v2/bootloader/bootloader.bin 0x8000 ../out/build/esp32-vector-v2/partition_table/partition-table.bin 0x10000 ../out/build/esp32-vector-v2/tinydraw_esp32.bin
or from the "/Users/sarah/Documents/Codex/2026-09-01/caffeinate-dims/work/tinydraw-pr-review.UrddkO/out/build/esp32-vector-v2" directory
 python -m esptool --chip esp32s3 -b 460800 --before default-reset --after hard-reset write-flash "@flash_args"
2026-09-01 12:51:12 - 12 - 09 - INFO - Using selected IDF version: v6.1
Added environment variable ESP_IDF_VERSION = 6.1
Added environment variable IDF_VERSION = 6.1.0
Added environment variable IDF_TOOLS_PATH = /Users/sarah/.espressif/tools
Added environment variable IDF_COMPONENT_LOCAL_STORAGE_URL = file:///Users/sarah/.espressif/tools
Added environment variable IDF_PATH = /Users/sarah/.espressif/v6.1/esp-idf
Added environment variable ESP_ROM_ELF_DIR = /Users/sarah/.espressif/tools/esp-rom-elfs/20241011/
Added environment variable OPENOCD_SCRIPTS = /Users/sarah/.espressif/tools/openocd-esp32/v0.12.0-esp32-20260703/openocd-esp32/share/openocd/scripts
Added environment variable IDF_PYTHON_ENV_PATH = /Users/sarah/.espressif/tools/python/v6.1/venv
Added environment variable ESP_CLANG_LIBS_PATH = /Users/sarah/.espressif/tools/esp-clang-libs/esp-21.1.3_20260408/esp-clang/lib
Added proper directory to PATH
Activated virtual environment at /Users/sarah/.espressif/tools/python/v6.1/venv
Environment setup complete for the current shell session.
These changes will be lost when you close this terminal.
You are now using IDF version 6.1.0.
eim select v6.1
[1/4] cd /Users/sarah/Documents/Codex/2026-09-01/caffeinate-dims/work/tinydraw-pr-review.UrddkO/out/build/esp32-vector-v2 && /Users/sarah/.espressif/tools/python/v6.1/venv/bin/python /Users/sarah/.espressif/v6.1/esp-idf/components/partition_table/check_sizes.py --offset 0x8000 partition --type app /Users/sarah/Documents/Codex/2026-09-01/caffeinate-dims/work/tinydraw-pr-review.UrddkO/out/build/esp32-vector-v2/partition_table/partition-table.bin /Users/sarah/Documents/Codex/2026-09-01/caffeinate-dims/work/tinydraw-pr-review.UrddkO/out/build/esp32-vector-v2/tinydraw_esp32.bin
tinydraw_esp32.bin binary size 0x7b570 bytes. Smallest app partition is 0x1c0000 bytes. 0x144a90 bytes (72%) free.
[2/4] Performing build step for 'bootloader'
[1/1] cd /Users/sarah/Documents/Codex/2026-09-01/caffeinate-dims/work/tinydraw-pr-review.UrddkO/out/build/esp32-vector-v2/bootloader && /Users/sarah/.espressif/tools/python/v6.1/venv/bin/python /Users/sarah/.espressif/v6.1/esp-idf/components/partition_table/check_sizes.py --offset 0x8000 bootloader 0x0 /Users/sarah/Documents/Codex/2026-09-01/caffeinate-dims/work/tinydraw-pr-review.UrddkO/out/build/esp32-vector-v2/bootloader/bootloader.bin
Bootloader binary size 0x5820 bytes. 0x27e0 bytes (31%) free.
[3/4] No install step for 'bootloader'
[4/4] Completed 'bootloader'
Adding "flash"'s dependency "all" to list of commands with default set of options.
Executing action: all (aliases: build)
Running ninja in directory /Users/sarah/Documents/Codex/2026-09-01/caffeinate-dims/work/tinydraw-pr-review.UrddkO/out/build/esp32-vector-v2
Executing "ninja all"...
Executing action: flash
Running ninja in directory /Users/sarah/Documents/Codex/2026-09-01/caffeinate-dims/work/tinydraw-pr-review.UrddkO/out/build/esp32-vector-v2
Executing "ninja flash"...
[1/5] cd /Users/sarah/Documents/Codex/2026-09-01/caffeinate-dims/work/tinydraw-pr-review.UrddkO/out/build/esp32-vector-v2 && /Users/sarah/.espressif/tools/python/v6.1/venv/bin/python /Users/sarah/.espressif/v6.1/esp-idf/components/partition_table/check_sizes.py --offset 0x8000 partition --type app /Users/sarah/Documents/Codex/2026-09-01/caffeinate-dims/work/tinydraw-pr-review.UrddkO/out/build/esp32-vector-v2/partition_table/partition-table.bin /Users/sarah/Documents/Codex/2026-09-01/caffeinate-dims/work/tinydraw-pr-review.UrddkO/out/build/esp32-vector-v2/tinydraw_esp32.bin
tinydraw_esp32.bin binary size 0x7b570 bytes. Smallest app partition is 0x1c0000 bytes. 0x144a90 bytes (72%) free.
[2/5] Performing build step for 'bootloader'
[1/1] cd /Users/sarah/Documents/Codex/2026-09-01/caffeinate-dims/work/tinydraw-pr-review.UrddkO/out/build/esp32-vector-v2/bootloader && /Users/sarah/.espressif/tools/python/v6.1/venv/bin/python /Users/sarah/.espressif/v6.1/esp-idf/components/partition_table/check_sizes.py --offset 0x8000 bootloader 0x0 /Users/sarah/Documents/Codex/2026-09-01/caffeinate-dims/work/tinydraw-pr-review.UrddkO/out/build/esp32-vector-v2/bootloader/bootloader.bin
Bootloader binary size 0x5820 bytes. 0x27e0 bytes (31%) free.
[3/5] No install step for 'bootloader'
[4/5] Completed 'bootloader'
[4/5] Running utility command for flash
esptool --chip esp32s3 -p /dev/cu.usbmodem101 -b 460800 --before=default-reset --after=hard-reset write-flash --flash-mode dio --flash-freq 80m --flash-size 16MB 0x0 bootloader/bootloader.bin 0x8000 partition_table/partition-table.bin 0x10000 tinydraw_esp32.bin --skip-flashed
esptool v5.3.1
Serial port /dev/cu.usbmodem101:
Connecting...
Connected to ESP32-S3 on /dev/cu.usbmodem101:
Chip type:          ESP32-S3 (QFN56) (revision v0.2)
Features:           Wi-Fi, BT 5 (LE), Dual Core + LP Core, 240MHz, Embedded PSRAM 8MB (AP_3v3)
Crystal frequency:  40MHz
USB mode:           USB-Serial/JTAG
MAC:                1c:db:d4:7b:85:c8

Uploading stub flasher...
Running stub flasher...
Stub flasher running.
Changing baud rate to 460800...
Changed.

Configuring flash size...

Writing 'bootloader/bootloader.bin' at 0x00000000...
SHA digest in image updated.
Comparing flash contents against new data...
Flash will be erased from 0x00000000 to 0x00005fff...
Compressed 22560 bytes to 14448...
Writing at 0x00000000 [                              ]   0.0% 0/14448 bytes... 
Writing at 0x00005820 [==============================] 100.0% 14448/14448 bytes... 
Wrote 22560 bytes (14448 compressed) at 0x00000000 in 0.3 seconds (681.0 kbit/s).
Verifying written data...
Hash of data verified.

Writing 'partition_table/partition-table.bin' at 0x00008000...
Comparing flash contents against new data...
Flash will be erased from 0x00008000 to 0x00008fff...
Compressed 3072 bytes to 153...
Writing at 0x00008000 [                              ]   0.0% 0/153 bytes... 
Writing at 0x00008c00 [==============================] 100.0% 153/153 bytes... 
Wrote 3072 bytes (153 compressed) at 0x00008000 in 0.0 seconds (613.6 kbit/s).
Verifying written data...
Hash of data verified.

Writing 'tinydraw_esp32.bin' at 0x00010000...
Comparing flash contents against new data...
Flash will be erased from 0x00010000 to 0x0008bfff...
Compressed 505200 bytes to 337320...
Writing at 0x00010000 [                              ]   0.0% 0/337320 bytes... 
Writing at 0x0001c5fc [>                             ]   4.9% 16384/337320 bytes... 
Writing at 0x00023233 [=>                            ]   9.7% 32768/337320 bytes... 
Writing at 0x0002b8b2 [===>                          ]  14.6% 49152/337320 bytes... 
Writing at 0x000317ed [====>                         ]  19.4% 65536/337320 bytes... 
Writing at 0x0003704d [======>                       ]  24.3% 81920/337320 bytes... 
Writing at 0x0003c8cb [=======>                      ]  29.1% 98304/337320 bytes... 
Writing at 0x00041a4b [=========>                    ]  34.0% 114688/337320 bytes... 
Writing at 0x000468d9 [==========>                   ]  38.9% 131072/337320 bytes... 
Writing at 0x0004c095 [============>                 ]  43.7% 147456/337320 bytes... 
Writing at 0x00051cce [=============>                ]  48.6% 163840/337320 bytes... 
Writing at 0x00056ba6 [===============>              ]  53.4% 180224/337320 bytes... 
Writing at 0x0005bbd3 [================>             ]  58.3% 196608/337320 bytes... 
Writing at 0x000610ae [=================>            ]  63.1% 212992/337320 bytes... 
Writing at 0x00066989 [===================>          ]  68.0% 229376/337320 bytes... 
Writing at 0x0006c645 [====================>         ]  72.9% 245760/337320 bytes... 
Writing at 0x00071f5c [======================>       ]  77.7% 262144/337320 bytes... 
Writing at 0x00077a1f [=======================>      ]  82.6% 278528/337320 bytes... 
Writing at 0x0007d9f5 [=========================>    ]  87.4% 294912/337320 bytes... 
Writing at 0x00082cf8 [==========================>   ]  92.3% 311296/337320 bytes... 
Writing at 0x00087d3a [============================> ]  97.1% 327680/337320 bytes... 
Writing at 0x0008b570 [==============================] 100.0% 337320/337320 bytes... 
Wrote 505200 bytes (337320 compressed) at 0x00010000 in 3.1 seconds (1300.8 kbit/s).
Verifying written data...
Hash of data verified.

Hard resetting via RTS pin...
Done
